;CountryName;CountryID;lowcarbonRDexp;year;Electricity_production_from_oil_gas_coal;general_public_expenditures;Coal_rents_percentage_of_GDP;Inflation;GDP_growth_annual_percentage;Natural_gas_rents_percentage_of_GDP;Oil_rents_percentage_of_GDP;disproportionality;election_year;green_vs_growth;left_vs_right;green_cabinet;left_incumbent_gov;single_party_gov;environmental_saliency ;political_constraints;institutional_constraints;social_expenditures;EU;prop;fed;pres;bic;deficit
AUS;Australia;1;1;1990;90.3439693558109;17.6413611789241;0.368110163386599;6.0968483152253;3.57648576106794;0.157486268908373;1.25254765548291;10.07;1;6.01837730;-8.686345100;0;1;1;6.07;0.4983884;3;13.14;0;1;1;0;4;-0.464409785310406
AUS;Australia;1;1;1991;89.401798947207;18.6314826407281;0.348024364242002;3.02172655478618;-0.383071892767745;0.107208247335413;0.641089369763699;10.07;0;4.95556021;-6.868358612;0;1;1;6.07;0.5081350;3;14.37;0;1;1;0;4;-2.97196153790652
AUS;Australia;1;1;1992;89.933134748564;19.4956637191139;0.25226883101859;1.47889530805433;0.42861956748601;0.0832232912731364;0.695787345054803;10.07;0;3.89274287;-5.050372124;0;1;1;6.07;0.5081350;3;15.39;0;1;1;0;4;-4.56237282322021
AUS;Australia;1;1;1993;89.450856428729;19.3757808367193;0.138930542037576;0.865919519598023;4.04742526816615;0.110860727632318;0.665298973023515;10.07;1;3.07094955;-3.916913509;0;1;1;1.19;0.5081350;3;15.79;0;1;1;0;4;-3.01361541407499
AUS;Australia;1;1;1994;89.8055261442014;18.8126980997426;0.0538622355711252;1.01778417916596;3.98092334747493;0.142417648633647;0.61634916240798;10.07;0;2.65086269;-3.924334764;0;1;1;1.19;0.4955083;3;15.52;0;1;1;0;4;-2.65660164262521
AUS;Australia;1;1;1995;90.3758571800584;18.63569256089;0.164112788237986;2.2800906229738;3.88710629393142;0.15103499519811;0.618987553800695;10.07;0;2.23077583;-3.931756020;0;1;1;1.19;0.4955083;3;17.05;0;1;1;0;4;-1.66068205045873
AUS;Australia;1;1;1996;90.7702721759977;18.5783320225059;0.110524894053784;2.71749386408476;3.85684122668562;0.177637153954222;0.729026434238987;10.07;1;3.01512527;0.620093703;0;0;0;7.02;0.4955083;3;17.19;0;1;1;0;4;-0.611951043916487
AUS;Australia;1;1;1997;90.4123242734078;18.2649812801368;0.102546848515319;1.27431053585624;3.91283547292693;0.158575712652868;0.611106597565197;10.07;0;4.14169598;3.074181080;0;0;0;7.02;0.5227430;3;17.01;0;1;1;0;4;0.433582076510372
AUS;Australia;1;1;1998;91.5659499843605;18.2593937748209;0.174570637439188;1.1871334180781;4.61335689242107;0.115513259567832;0.312684422414137;10.07;1;5.03038502;4.143047333;0;0;0;1.17;0.5227430;3;17.79;0;1;1;0;4;2.25433554726504
AUS;Australia;1;1;1999;91.4559464118216;18.6748054355733;0.106665704241928;0.479338835084704;4.95632450612884;0.155562233405726;0.52197577632879;10.07;0;5.83644009;5.004405975;0;0;0;1.17;0.5127056;3;17.43;0;1;1;0;4;2.93007675020142
AUS;Australia;1;1;2000;91.6183814279724;18.4697052072007;0.183263142708389;2.56038355183502;3.90117137135968;0.269896013601229;1.29517975562648;10.07;0;6.59291410;5.741259575;0;0;0;1.17;0.5127056;3;18.09;0;1;1;0;4;1.01159904687742
AUS;Australia;1;1;2001;91.901545047154;18.4759851519884;0.616532302905281;4.62033341466255;2.04141733816161;0.279503111343229;0.927327999240232;10.07;1;7.29999161;6.482920647;0;0;0;2.17;0.5127056;3;17.42;0;1;1;0;4;-0.0384449036474599
AUS;Australia;1;1;2002;92.1390811775985;18.290314985834;0.380923136998468;2.84406455501225;3.99358986481653;0.255135432376975;0.879394365989911;10.07;0;8.21925545;7.495095730;0;0;0;2.17;0.5115177;3;17.44;0;1;1;0;4;1.73373550739481
AUS;Australia;1;1;2003;91.5593011342515;18.3550643208994;0.214895957156679;2.96793754610954;3.1113982078941;0.272453090366717;0.707382438518468;10.07;0;9.47329617;8.649391174;0;0;0;2.17;0.5115177;3;17.61;0;1;1;0;4;2.61860279190422
AUS;Australia;1;3;2004;91.8133498091695;18.2444825270374;0.923080881601952;3.23706174014373;4.21663327252608;0.262354199724327;0.665936279412797;10.07;1;10.70091629;9.829587936;0;0;0;4.19;0.5115177;3;17.39;0;1;1;0;4;1.459710030575
AUS;Australia;1;2;2005;91.1962933605434;18.3239524026787;0.99654018128929;3.82436039577365;3.15375271041142;0.265935640751273;0.932534603721149;10.07;0;13.54891586;10.412275314;0;0;0;4.19;0.5046000;3;16.74;0;1;1;0;4;2.28752359115935
AUS;Australia;1;2;2006;90.7006922273737;18.2394904815678;1.06012972096843;5.11737711458915;2.74063570365783;0.294977460280103;0.986904956118296;10.07;0;17.48011398;10.527669907;0;0;0;4.19;0.5046000;3;16.64;0;1;1;0;4;2.55269652602375
AUS;Australia;1;2;2007;91.3519275328321;18.1052923685362;0.847497475975983;4.98168605986847;3.77791678266478;0.292526804865231;0.928467966021898;10.07;1;21.41131210;10.643063545;0;0;0;5.50;0.5046000;3;16.76;0;1;1;0;4;2.12091055002085
AUS;Australia;1;2;2008;91.884742443628;18.0220039299395;2.94788882418366;4.61674273676633;3.5682700322582;0.300525540951841;1.06201690023171;10.07;0;18.39948082;-1.642685533;0;1;1;5.50;0.4890325;3;17.93;0;1;1;0;4;-0.001862174777246
AUS;Australia;1;2;2009;92.502065740946;18.3536159446776;1.50419421632064;4.99930501098378;1.87048696091408;0.360647437871352;0.636963641812716;10.07;0;8.71643543;-2.647750854;0;1;1;5.50;0.4890325;3;17.76;0;1;1;0;4;-4.22230994096423
AUS;Australia;1;3;2010;91.3881203715798;18.7556603939979;2.01453190671547;1.15782618940531;2.20656631017093;0.308623494584911;0.772678252793687;10.07;1;0.02643077;-3.506003618;0;1;1;12.15;0.4890325;3;17.60;0;1;1;0;4;-4.16342963368891
AUT;Austria;2;1;1990;33.6883317104836;17.9756738660758;0.00359143466597501;2.99968060930622;4.34564139947821;0.0189623299626168;0.06762465916062;2.02;1;-0.09651038;2.362578630;0;0;0;14.77;0.4583972;2;24.52;0;2;1;1;2;-2.71794134749739
AUT;Austria;2;1;1991;34.8398796357187;18.1577955514132;0.00273038921515364;3.64187153111726;3.44162777669459;0.0157432794432631;0.0354891865198928;2.02;0;-0.30865365;1.486072063;0;0;0;14.77;0.5045260;2;24.81;0;2;1;1;2;-3.14701237936316
AUT;Austria;2;1;1992;27.4695128056229;18.4899116879537;0.00120165011729154;3.47909329454419;2.09352461709183;0.0106788634961747;0.0299803324042133;2.02;0;1.39448774;1.227410913;0;1;0;14.77;0.5045260;2;25.45;0;2;1;1;2;-2.1570233558392
AUT;Austria;2;1;1993;25.8141753129197;19.3004158667799;0.000125994333819132;2.75708463928996;0.526809203706492;0.0128610974799929;0.0280982757473363;2.02;0;3.09762907;0.968749702;0;1;0;14.77;0.5247641;2;26.75;0;2;1;1;2;-4.6772542294315
AUT;Austria;2;1;1994;29.0840705417282;19.4443661360991;0.000124607449967329;2.52494261860797;2.40211907379886;0.00902541606176069;0.0232863772499546;2.02;1;4.85071278;0.739485681;0;1;0;10.54;0.5247641;2;27.57;0;2;1;1;2;-5.19247911429066
AUT;Austria;2;1;1995;29.3631519808619;19.5896579303121;0.000502824411799825;1.81391819271643;2.66798353089548;0.00840498284187354;0.0239830745709551;2.02;1;15.21336746;4.440216541;0;1;0;3.80;0.5247641;3;27.24;1;2;1;1;2;-6.13448521572828
AUT;Austria;2;1;1996;32.7565610184045;19.5657433008979;0.000227830588302389;0.986205502429385;2.34953385169727;0.0108047867776378;0.0321413096071717;2.02;0;17.21623611;5.182776451;0;1;0;3.80;0.5434754;3;27.29;1;2;1;1;2;-4.50633770786202
AUT;Austria;2;1;1997;31.8110801831732;19.6007911245516;0.000108935516525044;1.26699553666487;2.09359938952392;0.0115854543208507;0.0249106008261746;2.02;0;12.16052628;3.234681368;0;0;0;3.80;0.5470468;3;27.16;1;2;1;1;2;-2.57421763179868
AUT;Austria;2;1;1998;30.0196744768378;19.5530546720414;0.000210594618918543;0.441905227151835;3.58142581460447;0.00511660639544474;0.00665402851977649;2.02;0;7.10481548;1.286586165;0;0;0;3.80;0.4260151;3;26.90;1;2;1;1;2;-2.69688843125465
AUT;Austria;2;1;1999;29.0439949262301;19.8436668661919;3.7609050883809e-05;0.256349694475674;3.55633124664169;0.00439737743767174;0.0210893999194086;2.02;1;2.07359076;-0.661136508;0;0;0;7.27;0.4228405;4;27.42;1;2;1;1;2;-2.60067316738714
AUT;Austria;2;1;2000;27.2104753315295;19.2197165554154;0.00045444817955648;1.36404091396396;3.37572214708479;0.0268162707015355;0.0561138914093743;2.02;0;0.97061753;3.543908358;0;0;0;7.27;0.4228405;4;27.08;1;2;1;1;2;-2.40354039450601
AUT;Austria;2;1;2001;30.4534363895394;18.9761681528468;0.00145680591792648;1.94710539424338;1.26716818922992;0.04822767765681;0.0405989008731759;2.02;0;-1.18952203;1.797396660;0;0;0;7.27;0.5469067;4;27.36;1;2;1;1;2;-0.661774051694009
AUT;Austria;2;1;2002;30.5900569960136;18.8386965201083;0.000526425447234593;1.14559566666318;1.65155392186669;0.037618010350505;0.0396313353824282;2.02;1;-3.34966159;0.050884809;0;0;0;4.13;0.5321479;4;27.61;1;2;1;1;2;-1.38065867207477
AUT;Austria;2;1;2003;38.7920202420091;18.979639912386;0.00037786756614585;1.30755257860011;0.941470920725337;0.0370753491348379;0.036816529671817;2.02;0;-3.80591297;0.399510235;0;0;0;4.13;0.5321479;4;28.19;1;2;1;1;2;-1.78513082180387
AUT;Austria;2;1;2004;35.3231742751986;18.8913590714454;0.000656880960255775;1.73971884960345;2.73512022241023;0.0267660448141349;0.0440354515468147;2.02;0;-3.98689651;1.265467405;0;0;0;4.13;0.5321479;4;27.95;1;2;1;1;2;-4.81600042409691
AUT;Austria;2;1;2005;35.9080124676291;19.3462734216739;0;2.53779415754438;2.24406532463878;0.0233102758144175;0.0567181263932102;2.02;0;-4.46382952;2.131424665;0;0;0;4.13;0.5321479;4;27.70;1;2;1;1;2;-2.50982147116665
AUT;Austria;2;2;2006;33.8117715056353;19.2582902718553;0;1.89216106882701;3.45404183614122;0.0464359361667633;0.0639449692644589;2.02;1;-4.80794144;3.104793549;0;0;0;7.37;0.5321479;4;27.30;1;2;1;1;2;-2.53488542958434
AUT;Austria;2;1;2007;30.6100753669179;18.7447920696102;0;2.22117586707647;3.72741530093519;0.0441895400803374;0.0601151491161966;2.02;0;-4.46881342;0.227580965;0;0;0;7.37;0.4170968;4;26.78;1;2;1;1;2;-1.35529954337396
AUT;Austria;2;2;2008;30.0268096514745;19.2721309580265;0;1.95632228093217;1.4604236757386;0.0506746931484328;0.0735709864761821;2.02;1;-3.67483735;0.493334770;0;1;0;4.21;0.4170968;4;27.31;1;2;1;1;2;-1.49601343042383
AUT;Austria;2;3;2009;27.917847879848;20.6842134754264;0;1.88926417785875;-3.76457817791677;0.0478866127822903;0.0423835756446248;2.02;0;-3.00011158;-0.170163542;0;1;0;4.21;0.4376234;4;29.48;1;2;1;1;2;-5.33279346472471
AUT;Austria;2;4;2010;32.8686666470398;20.4925476679965;0;0.873054962177932;1.83709367680054;0.0395347207219581;0.063780314401071;2.02;0;-2.23408008;-0.897332072;0;1;0;4.21;0.4376234;4;29.42;1;2;1;1;2;-4.44911264484048
BEL;Belgium;3;1;1990;37.8051556364878;20.2172850732894;0.00232780164673406;2.81240371323102;3.13740231557445;0.000143905125021759;0;3.75;0;-4.32025766;4.382890701;0;0;0;5.47;0.6881871;3;24.88;1;2;0;0;3;-6.72174953172132
BEL;Belgium;3;1;1991;38.3235467648133;20.8629258399334;0.00124020959035437;2.87662448038799;1.83307427728701;9.91501208683668e-05;0;3.75;1;-8.73223782;5.395483017;0;0;0;4.43;0.6881871;3;25.65;1;2;0;0;3;-7.28562287569789
BEL;Belgium;3;1;1992;37.4387340708584;20.9609310665367;0.000208553146917284;3.42452455952036;1.53065494385902;3.59868817233881e-05;0;3.75;0;-10.99529171;5.305333614;0;1;0;4.43;0.7071857;3;24.66;1;2;0;0;3;-7.97072613833654
BEL;Belgium;3;1;1993;38.5411314722841;21.2946426523691;0;3.99323192277683;-0.961873309776593;3.4184055129302e-05;0;3.75;0;-11.41597652;4.660681248;0;1;0;4.43;0.7071857;4;25.73;1;2;2;0;3;-7.36877818927098
BEL;Belgium;3;2;1994;41.321259864594;21.1019338255165;0;2.09430477567449;3.22697152488935;6.32919043039618e-06;0;3.75;0;-11.83666039;4.016028404;0;1;0;4.43;0.7071857;4;25.12;1;2;2;0;3;-5.02621689432343
BEL;Belgium;3;2;1995;41.8561945698895;21.2989651245599;0;1.22076958003412;2.38475727961249;1.25938350980389e-06;0;3.75;1;-12.16705513;3.296302319;0;1;0;5.35;0.7071857;4;25.66;1;2;2;0;3;-4.50820450939218
BEL;Belgium;3;2;1996;40.5999627352338;21.7183862211024;0;0.476619740910181;1.32145093041325;1.30602843218269e-05;0;3.75;0;-12.30793381;2.080891848;0;1;0;5.35;0.7081103;4;26.26;1;2;2;0;3;-4.00258535401616
BEL;Belgium;3;2;1997;37.5553871643056;21.1513979156766;0;0.757624410107738;3.79365762950188;1.08759278671312e-06;0;3.75;0;-12.47593117;0.775326490;0;1;0;5.35;0.7081103;4;25.22;1;2;2;0;3;-2.15129095306518
BEL;Belgium;3;3;1998;42.0420347243375;21.0949180608347;0;1.80564350098564;1.96180827198427;0;0;3.75;0;-12.64393044;-0.530238688;0;1;0;5.35;0.7081103;4;25.23;1;2;2;0;3;-1.02487716175958
BEL;Belgium;3;2;1999;39.3373797471391;21.2820398534755;0;0.598897782801686;3.54274346363066;9.58969001425804e-07;0;3.75;1;-12.04069138;-2.443883657;0;1;0;5.08;0.7081103;4;25.10;1;2;2;0;3;-0.648359086106704
BEL;Belgium;3;3;2000;39.6312807316395;21.0401971476314;0;2.01461738713986;3.71667938420875;3.15949560179832e-05;0;3.75;0;-12.28148746;-2.071799278;0;1;0;5.08;0.7181119;4;24.54;1;2;2;0;3;-0.0792929549009129
BEL;Belgium;3;3;2001;38.4237706377674;21.3136063380204;0;1.98280272084905;1.09961888777849;0;0;3.75;0;-13.57486343;-0.329725236;0;1;0;5.08;0.7181119;4;25.02;1;2;2;0;3;0.232849349686384
BEL;Belgium;3;3;2002;38.9181976550242;22.1388815392458;0;1.64000779519799;1.70688458453354;0;0;3.75;0;-14.86824036;1.412348866;0;1;0;5.08;0.7181119;4;25.38;1;2;2;0;3;-0.0436957691223879
BEL;Belgium;3;3;2003;40.956905733536;22.4843723439742;0;1.85008868250355;1.03798254902905;0;0;3.75;1;-14.79830742;2.482211590;0;1;0;4.79;0.7181119;4;25.89;1;2;2;0;3;-1.86418014481002
BEL;Belgium;3;3;2004;41.0584093037592;22.1972126513166;0;1.91499094831144;3.5712043433582;0;0;3.75;0;-14.73696804;1.888533831;0;1;0;4.79;0.6946738;4;25.62;1;2;2;0;3;-0.238702482707968
BEL;Belgium;3;3;2005;40.9315241106535;22.093997631255;0;2.08307421275387;2.32173705381926;0;0;3.75;0;-15.30975628;1.232965231;0;1;0;4.79;0.6946738;4;25.63;1;2;2;0;3;-2.71492847812413
BEL;Belgium;3;3;2006;39.8527528809219;21.9387885339603;0;2.26470714433403;2.55234994366351;0;0;3.75;0;-15.88254547;0.577396512;0;1;0;4.79;0.6946738;4;25.50;1;2;2;0;3;0.239572153043243
BEL;Belgium;3;2;2007;39.4479480851842;21.6158948183584;0;1.93172111672469;3.67688113594973;0;0;3.75;1;-14.82450962;-0.106351092;0;1;0;3.24;0.6946738;4;25.43;1;2;2;0;3;0.066440638505306
BEL;Belgium;3;3;2008;38.6286685091466;22.6661446948071;0;1.90884542543854;0.446928735275904;0;0;3.75;0;-8.45235825;0.195495427;0;0;0;3.24;0.7067148;4;26.67;1;2;2;0;3;-1.0953763223809
BEL;Belgium;3;3;2009;39.8046901097922;24.191913477768;0;0.533179397971551;-2.02074306169408;0;0;3.75;0;-4.61018944;0.006625421;0;0;0;3.24;0.7067148;4;29.05;1;2;2;0;3;-5.43098596427426
BEL;Belgium;3;2;2010;40.2640861956881;23.7326860900242;0;1.89207786027008;2.86429270764155;0;0;3.75;1;-1.88723636;-0.825957119;0;0;NA;1.62;0.7067148;4;28.84;1;2;2;0;3;-4.08770722035578
CAN;Canada;4;3;1990;22.4756815291645;22.6999539680547;0.179952022747111;NA;NA;0.375961779666138;1.60117856303542;13.14;0;4.36034012;17.629547119;0;0;1;4.40;0.4432618;3;17.57;0;0;2;0;3;-5.91142212592073
CAN;Canada;4;3;1991;21.8781774806721;24.1032930856214;0.181095278090306;NA;NA;0.338413621620509;1.0666904312301;13.14;0;5.83551025;19.604383469;0;0;1;4.40;0.4442921;3;19.83;0;0;2;0;3;-8.35939826696096
CAN;Canada;4;3;1992;22.8235235325662;24.5271424361644;0.138926366047389;NA;NA;0.575617687873141;1.18213125296076;13.14;0;7.31067991;21.579221725;0;0;1;4.40;0.4410607;3;20.48;0;0;2;0;3;-9.19914926312156
CAN;Canada;4;3;1993;20.6140754758822;23.9640186514246;0.114599709572596;NA;NA;0.910484687130498;1.11641386947305;13.14;1;9.12672043;18.063152313;0;0;1;1.94;0.4375754;3;20.42;0;0;2;0;3;-8.93476494470822
CAN;Canada;4;3;1994;20.0664779465621;22.7487533359426;0.0951525779902974;NA;NA;0.782128893640301;0.999090388937199;13.14;0;8.91113472;2.226796389;0;0;1;1.94;0.4195121;3;19.31;0;0;2;0;3;-6.9359775345593
CAN;Canada;4;3;1995;21.0335622003375;21.7277281648498;0.164699564447213;NA;NA;0.522656636954024;1.0750735150594;13.14;0;6.04491520;2.060076475;0;0;1;1.94;0.4177244;3;18.40;0;0;2;0;3;-5.48964011250317
CAN;Canada;4;2;1996;20.1679440209869;20.8286125343194;0.171255979340836;NA;NA;1.02154251822651;1.34756047508205;13.14;0;3.17869544;1.893356323;0;0;1;1.94;0.4422499;3;17.59;0;0;2;0;3;-3.05256596040631
CAN;Canada;4;2;1997;22.5932705718271;19.8533457566752;0.154728052416656;NA;NA;0.943986790871797;0.860727286568373;13.14;1;1.21193826;1.784250498;0;0;1;1.65;0.4417913;3;16.98;0;0;2;0;3;0.038702165336532
CAN;Canada;4;2;1998;26.2051566013649;19.8366043300703;0.117174118573241;-0.179362566796712;3.89615182909806;0.71976926772887;0.364031497351259;13.14;0;2.84302902;1.905601025;0;0;1;1.65;0.4803310;3;17.05;0;0;2;0;3;0.142682776423956
CAN;Canada;4;2;1999;25.4725405694841;19.3207377194749;0.068930027853774;1.90262033853637;5.16291362410595;0.9693477562824;0.786208804616439;13.14;0;4.77394056;2.046156406;0;0;1;1.65;0.4802494;3;16.09;0;0;2;0;3;1.65557624708932
CAN;Canada;4;2;2000;26.7737897872509;19.1064161806335;0.0677846533633606;4.33540120081636;5.17763566824114;2.00625374883231;1.45889416561269;13.14;1;6.70485210;2.186711788;0;0;1;6.16;0.4805039;3;15.83;0;0;2;0;3;2.63970396113812
CAN;Canada;4;2;2001;28.9541863067585;19.5093203790186;0.112198220536692;1.65862113422375;1.78997287991373;2.05050711826869;0.806147798672771;13.14;0;4.84132767;2.081423759;0;0;1;6.16;0.4476995;3;16.29;0;0;2;0;3;0.52946896708992
CAN;Canada;4;2;2002;27.5411788581371;19.7787192119877;0.0861440086194807;1.23904949251077;3.01805051224973;1.08800923611122;0.880238980056413;13.14;0;0.70114154;1.828630090;0;0;1;6.16;0.4386764;3;16.29;0;0;2;0;3;-0.233895789038061
CAN;Canada;4;2;2003;28.3718547618321;19.8962017689692;0.0705480183969632;3.25467324330218;1.80151813598957;1.57628887986096;0.998683320337803;13.14;0;-3.43904424;1.575836420;0;0;1;6.16;0.4365404;3;16.34;0;0;2;0;3;-0.126957864812588
CAN;Canada;4;2;2004;26.4767906112209;19.4174844503805;0.140911603984149;3.26626600410312;3.08698080915133;2.10766132709089;1.34663768776225;13.14;1;-5.27467442;1.490308881;0;0;1;5.54;0.4358589;3;16.34;0;0;2;0;3;0.767669538252837
CAN;Canada;4;3;2005;25.1269894476281;19.0759109803014;0.152971800158235;3.12288712707389;3.20420042827129;2.18388163541808;1.66720104418872;13.14;0;-0.21575475;1.973620176;0;0;1;5.54;0.4596730;3;16.18;0;0;2;0;3;1.55312009791853
CAN;Canada;4;3;2006;24.4130141648993;19.2487641773811;0.15398779219536;2.57381038683874;2.63430381378384;1.43051658871271;1.55708079181916;13.14;1;2.80327940;9.696532249;0;0;1;4.81;0.4622242;3;16.33;0;0;2;0;3;1.82760436294436
CAN;Canada;4;3;2007;24.8212328451141;19.2505356033619;0.109426147425569;3.28080509945265;2.06940988808428;1.05626438373322;1.58539579562367;13.14;0;2.17598557;6.937517166;0;0;1;4.81;0.4825850;3;16.25;0;0;2;0;3;1.81965580691922
CAN;Canada;4;3;2008;23.3195012866652;19.7194394824506;0.375145260469028;3.98373860184653;1.00762269545756;1.42615238186615;2.61879798056548;13.14;1;2.67134261;2.779892445;0;0;1;14.48;0.4640255;3;16.89;0;0;2;0;3;0.184425128889388
CAN;Canada;4;4;2009;22.0420080538674;21.9645855050549;0.198734513318516;-2.31152537444508;-2.92840016684549;0.147284096452176;1.41454068614139;13.14;0;3.10851812;1.946884036;0;0;1;14.48;0.4448200;3;18.51;0;0;2;0;3;-3.88135176862461
CAN;Canada;4;5;2010;23.0800058292043;21.4754574603582;0.245675447686503;2.84994645578823;3.08949461982786;0;1.47161552277372;13.14;0;2.30924225;2.334913969;0;0;1;14.48;0.4463400;3;17.92;0;0;2;0;3;-4.73755858174553
DNK;Denmark;5;2;1990;68.0175294439879;19.1003186340137;0.103767209106503;3.39664344990661;5.25500608278011;0.0200332072595298;0.02123472705754;1.60;1;-2.73142743;-1.401323318;0.0000;0;0;5.63;0.5443512;2;25.44;1;2;0;0;1;-1.72910832297691
DNK;Denmark;5;2;1991;68.6355272047269;18.6769453903393;0.0836316570947648;3.0850797602741;5.10826152190214;0.0161892034109768;0.00873216790806756;1.60;0;-2.66866589;-1.141854048;0.0000;0;0;5.63;0.5168951;2;26.19;1;2;0;0;1;-3.17932378452786
DNK;Denmark;5;3;1992;65.7638024854217;19.2211202895315;0.0542261334749881;5.30619664154659;1.923076559054;0.0100997733285056;0.00787936891489794;1.60;0;-2.13793492;1.660994768;0.0000;0;0;5.63;0.5199394;2;26.61;1;2;0;0;1;-2.94205653883002
DNK;Denmark;5;2;1993;65.9269991406485;19.3518153624728;0.0313017464026943;3.88366391994282;-0.976849818160517;0.0116782880744374;0.00735560647745738;1.60;0;-5.05404902;-3.484208584;0.0000;1;0;5.63;0.5199394;2;28.34;1;2;0;0;1;-4.24128566760103
DNK;Denmark;5;2;1994;65.8624727487362;19.3140389713317;0.0171664897874357;2.05160802865106;2.39189207051331;0.00957046299101837;0.00607221223875841;1.60;1;-5.54861498;-2.460092783;0.0000;1;0;4.90;0.5199394;2;29.57;1;2;0;0;1;-3.88167542347557
DNK;Denmark;5;2;1995;65.4126956123525;19.4241558948807;0.0233732773930018;1.98132464852524;1.54414649556445;0.00847550020228667;0.00575648885931214;1.60;0;-3.61123729;-2.324539661;0.0000;1;0;4.90;0.5290579;2;29.19;1;2;0;0;1;-3.61997105643993
DNK;Denmark;5;2;1996;65.1267226085046;19.7125503544328;0.0212546012441741;0.602279503049189;0.80582289149001;0.0119412016891341;0.00820279401709072;1.60;0;-2.83177447;1.787870407;0.0000;1;0;4.90;0.5290579;2;28.39;1;2;0;0;1;-2.4827205882353
DNK;Denmark;5;2;1997;63.6857654317158;19.3548683170589;0.0189941974276807;0.272816321974162;1.79216082094591;0.0133696005969414;0.00715435628400472;1.60;0;-1.88835812;8.511940002;0.0000;1;0;4.90;0.5290579;2;27.28;1;2;0;0;1;-1.20015705435825
DNK;Denmark;5;2;1998;65.0194161575017;19.0981523217601;0.0169928536706161;0.688465401249033;2.01393278519326;0.00530557562302715;0.00187105671425355;1.60;1;-1.86670971;8.359992981;0.0000;1;0;8.09;0.5290579;2;26.46;1;2;0;0;1;-0.388532883642488
DNK;Denmark;5;2;1999;63.1776597381209;19.2467030512557;0.00912309370266067;0.343135141558832;1.88726115399444;0.00446860062948517;0.00643698493404131;1.60;0;-3.22972012;4.200116634;0.0000;1;0;8.09;0.5341635;2;27.11;1;2;0;0;1;0.869029399919454
DNK;Denmark;5;2;2000;63.1546024640363;19.0445168295331;0.015518512380129;-0.489389005327581;2.91250296366708;0.0254614994247249;0.0191195909073763;1.60;0;-4.52173424;2.497390032;0.0000;1;0;8.09;0.5341635;2;26.25;1;2;0;0;1;1.88740673750848
DNK;Denmark;5;2;2001;62.6987073069295;18.9489261417511;0.0355283308748216;1.30499491007868;1.68146848097079;0.0481748403218793;0.0146168261061845;1.60;1;-6.65576553;1.741090298;0.0000;1;0;3.84;0.5341635;2;26.72;1;2;0;0;1;1.14057601166606
DNK;Denmark;5;1;2002;62.7929355241136;19.2315706148891;0.0209219445918354;1.37812582409744;-0.197973834771361;0.0349879299388313;0.0155503810215185;1.60;0;4.01523590;22.967548370;0.0000;0;0;3.84;0.5208361;2;27.27;1;2;0;0;1;-0.015386797135361
DNK;Denmark;5;1;2003;64.3785733337972;19.3256374430834;0.0154110382446643;1.32125352370875;-0.700116686114356;0.0328704295113166;0.0160467338262568;1.60;0;2.51100087;17.303342819;0.0000;0;0;3.84;0.5208361;2;28.12;1;2;0;0;1;-0.133143095768375
DNK;Denmark;5;2;2004;62.6816995442682;18.8173806198398;0.0694627018287842;1.11559586662639;1.17508813160987;0.0239080522952251;0.0181937186544636;1.60;0;3.42205715;11.488172531;0.0000;0;0;3.84;0.5208361;2;27.90;1;2;0;0;1;2.07310756972111
DNK;Denmark;5;3;2005;62.3168236440403;18.7759088585026;0.060843937995147;0.405207331851614;0.731707163554191;0.0236387906514453;0.0262095350062948;1.60;1;2.81774497;6.826476097;0.0000;0;0;8.61;0.5208361;2;27.50;1;2;0;0;1;4.95485498108449
DNK;Denmark;5;3;2006;61.0271015216553;18.3277709762356;0.0574597181938067;0.397281154893903;3.816441912988;0.0424552843428986;0.0292986423426535;1.60;0;2.27753901;4.244536877;0.0000;0;0;8.61;0.5334914;2;26.83;1;2;0;0;1;4.98692266539856
DNK;Denmark;5;4;2007;62.7923675518375;17.8550539097037;0.059224584930732;1.77027320694081;2.97645513131597;0.0368634628815523;0.0277069696131841;1.60;1;3.01278257;0.367990166;0.0000;0;0;12.15;0.5334914;2;26.26;1;2;0;0;1;5.02058891189325
DNK;Denmark;5;3;2008;60.7520728900659;18.2555596134287;0.179430737527453;0.909330422301522;0.95987913356484;0.0470912612507809;0.0321140604177934;1.60;0;4.95400953;1.828469634;0.0000;0;0;12.15;0.5502336;2;26.48;1;2;0;0;1;3.17379961143491
DNK;Denmark;5;4;2009;59.7388663075499;19.9916998196857;0.065492973877455;1.84189163776318;-5.69383633640285;0.0417044660012887;0.0170788078157251;1.60;0;6.61705399;4.967055321;0.0000;0;0;12.15;0.5502336;2;29.99;1;2;0;0;1;-2.79826955461355
DNK;Denmark;5;6;2010;59.4572466855947;19.5632116674466;0.101913395188097;0.645275771121817;4.17988249873657;0.0284616836916362;0.0220434249145819;1.60;0;8.15916157;6.253905773;0.0000;0;0;12.15;0.5502336;2;30.07;1;2;0;0;1;-2.7103097907118
FIN;Finland;6;3;1990;96.7362019859903;23.906614103196;0;2.60244721924072;1.4752442765041;0.0612110297859463;0.447400824736566;3.34;0;-4.52122211;-4.098175049;0.0000;0;0;11.15;0.5342311;0;23.76;0;2;0;1;1;5.31778053848436
FIN;Finland;6;3;1991;96.9325489122999;24.2481269921423;0;2.65945274364057;1.39363399746793;0.0636230291962958;0.242630553551055;3.34;1;-2.14563894;-7.322876930;0.0000;0;0;15.62;0.5342311;0;28.81;0;2;0;1;1;-0.904498325642421
FIN;Finland;6;4;1992;95.2306591190058;24.1630384829775;0;1.65591108674465;1.95700671183856;0.0421790402567703;0.260826336048591;3.34;0;-0.55887192;-3.217479229;0.0000;0;0;15.62;0.5423052;0;32.89;0;2;0;1;1;-5.32778184048501
FIN;Finland;6;4;1993;94.7253782304115;25.3010539018846;0;0.579917803734673;0.0106876308268369;0.0563345949612896;0.289133685408409;3.34;0;0.64203119;2.230207443;0.0000;0;0;15.62;0.5423052;0;32.97;0;2;0;1;1;-8.08559294348252
FIN;Finland;6;4;1994;95.1328305978609;24.4041854603846;0;1.56550235871995;5.33246271155308;0.0466956970339323;0.268262477842883;3.34;0;1.87743437;7.420094967;0.0000;0;0;15.62;0.5423052;0;32.41;0;2;0;1;1;-6.49593934919392
FIN;Finland;6;5;1995;88.1821644267914;24.0520725870819;0;1.28239062894038;3.0275872672533;0.0428820166777964;0.253717079235424;3.34;1;1.92604887;5.527955532;5.1440;0;0;9.42;0.5423052;1;29.65;1;2;0;1;1;-5.92497133405718
FIN;Finland;6;4;1996;87.9063864730693;24.1054046096333;0;2.01418362468391;2.90009976874006;0.0643911814461706;0.392043388382261;3.34;0;1.41988158;4.426033974;7.1430;1;0;9.42;0.5332260;1;29.59;1;2;0;1;1;-3.24637794735656
FIN;Finland;6;6;1997;82.4032494640641;23.6392168601487;0;2.01391957101436;3.26089015774798;0.0864058174451101;0.369138032206381;3.34;0;1.16617954;5.095666409;7.1430;1;0;9.42;0.5332260;2;27.46;1;2;0;1;1;-1.21472470150803
FIN;Finland;6;5;1998;80.6971031060735;24.1291225249093;0;1.23214285936466;2.21815874223761;0.0339100665712283;0.0951270278529695;3.34;0;0.91247737;5.765298843;7.1430;1;0;9.42;0.5332260;2;25.32;1;2;0;1;1;1.63852781513024
FIN;Finland;6;5;1999;77.6901336073998;24.3659908004743;0;1.68475372464907;2.94802216063901;0.0267156429668499;0.427073512787449;3.34;1;0.64068383;6.573530197;5.2600;1;0;6.57;0.5332260;2;24.74;1;2;0;1;1;1.66724447666173
FIN;Finland;6;4;2000;72.5182370399135;23.8737646063848;0;3.01797428833477;3.74686259540198;0.163291297695366;1.28779219787412;3.34;0;0.31557894;5.396549225;10.5260;1;0;6.57;0.5398595;2;23.35;1;2;0;1;1;6.85346154409933
FIN;Finland;6;4;2001;74.1260038697023;24.3249117385811;0;2.51841422592467;0.823152998014436;0.311496265953174;0.903579849554573;3.34;0;-0.01283430;3.902967453;10.5260;1;0;6.57;0.5398595;2;23.30;1;2;0;1;1;4.97621484083304
FIN;Finland;6;4;2002;74.5641051747397;24.8690541949282;0;2.34764746386243;0.46634557149423;0.22349207803744;0.941616949135826;3.34;0;0.07319266;2.609569311;4.3860;0;0;6.57;0.5398595;2;23.94;1;2;0;1;1;4.05694812979002
FIN;Finland;6;3;2003;80.5547135495605;25.0380242581172;0;1.48182980917917;0.390058556485101;0.189483900014672;0.908901861795842;3.34;1;0.99349254;-1.914668918;0.0000;0;0;9.26;0.5398595;2;24.83;1;2;0;1;1;2.42373920091731
FIN;Finland;6;4;2004;74.8095756256801;24.9339005994338;0;2.09573309263418;2.66821926741747;0.171419875888658;1.13914703993258;3.34;0;1.94275141;-1.553542256;0.0000;0;0;9.26;0.5341306;2;24.93;1;2;0;1;1;2.2096524269643
FIN;Finland;6;4;2005;70.6781437951774;24.4986889118824;0;2.90642404916615;2.33664130821947;0.187051889903783;1.53400439794518;3.34;0;2.79346037;0.298741698;0.0000;0;0;9.26;0.5341306;2;24.99;1;2;0;1;1;2.65169685524662
FIN;Finland;6;5;2006;78.0206529126746;24.2035383887553;0;2.07617957165436;3.9130079783106;0.330682066692208;1.56585703941702;3.34;0;3.64416933;2.151025772;0.0000;0;0;9.26;0.5341306;2;24.71;1;2;0;1;1;3.97115045373836
FIN;Finland;6;6;2007;71.7672194526401;24.337963243396;0;2.43228058523555;0.909238928302372;0.282053891991899;1.36245728979081;3.34;1;2.78317857;5.257298946;7.5000;0;0;7.71;0.5341306;2;23.68;1;2;0;1;1;5.10819363667464
FIN;Finland;6;6;2008;70.0923093729517;25.1008900558313;0;4.13469296938067;-0.512016744849106;0.425252240677378;1.60062190842162;3.34;0;2.31779146;5.739643574;10.0000;0;0;7.71;0.5394574;2;24.32;1;2;0;1;1;4.1767688466785
FIN;Finland;6;6;2009;70.1646373306214;27.9349997229178;0;0.529022254242335;-4.90654772965155;0.336921475783183;0.856974807266852;3.34;0;2.31646657;5.548572540;10.0000;0;0;7.71;0.5394574;2;28.28;1;2;0;1;1;-2.48422257313738
FIN;Finland;6;6;2010;66.0954145437703;27.365847979969;0;3.224072873962;1.87099114718497;0.256340181446654;1.15671560019248;3.34;0;2.31514168;5.357501984;10.0000;0;0;7.71;0.5394574;2;28.65;1;2;0;1;1;-2.5337110602042
FRA;France;7;4;1990;46.8076663624459;16.2488727076589;0.019159918217206;7.32625092001946;3.78139355508462;0.00638276813225428;0.0152032414703408;19.56;0;5.86510992;2.06457400;0.0000;1;0;2.43;0.5543595;1;25.13;1;1;0;3;3;-2.43239833546287
FRA;France;7;3;1991;46.0306690188628;16.920940599879;0.0147090774405213;6.93513966316581;2.54600058472822;0.00464652858379283;0.00905563298214569;19.56;0;3.99450874;1.32182133;0.0000;1;0;2.43;0.5543595;1;25.77;1;1;0;3;3;-2.86228941028011
FRA;France;7;3;1992;51.8059987236758;17.8057219015309;0.00785081992553316;6.71077117808312;0.929215316053813;0.00272621288070949;0.00886209784428273;19.56;0;3.10743237;-0.01395768;0.0000;1;0;2.43;0.5543595;1;26.56;1;1;0;3;3;-4.60418631564231
FRA;France;7;3;1993;47.6894473073038;18.3451838901599;0.00131427722011711;4.53724126311641;-1.03149172891911;0.00199419049263259;0.00843798306395969;19.56;1;6.56138659;6.14204788;0.0000;0;0;5.32;0.3564390;2;27.97;1;1;0;1;3;-6.3598859117471
FRA;France;7;3;1994;47.4518651104399;17.7618715610293;0.00171946317719352;3.87984191925736;2.38319532639552;0.000499016329822067;0.00724214476754035;19.56;0;6.36914730;7.38202477;0.0000;0;0;5.32;0.2251348;2;27.94;1;1;0;1;3;-5.42573669705321
FRA;France;7;3;1995;51.6026957172879;17.6137893301606;0.00615316468164462;4.93312981120783;2.75749404598304;0.000922526839188102;0.00542984756812291;19.56;0;4.74559402;6.16722059;0.0000;0;0;5.32;0.2251348;2;29.23;1;1;0;3;3;-5.10647236100091
FRA;France;7;3;1996;43.4672511752661;17.4872190072424;0.0037023498014721;3.4600912454728;2.66056160429645;0.00124385760999658;0.00570055578397905;19.56;0;3.12204075;4.95241642;0.0000;0;0;5.32;0.5324576;2;29.63;1;1;0;3;3;-3.90548957953226
FRA;France;7;3;1997;50.8879337235061;17.0066324133203;0.00192571585402282;2.355985604347;3.70249462716615;0.000521353695011078;0.00359725964472894;19.56;1;-0.15021372;0.14005232;3.4000;1;0;8.63;0.5324576;2;29.54;1;1;0;1;3;-3.65264486666605
FRA;France;7;3;1998;50.0935922892364;16.8577661948981;0.00231933540904137;2.5666017086474;4.39310073452258;0.000128712231041652;0.00125719392371629;19.56;0;-0.98850167;-3.61482477;5.8800;1;0;8.63;0.4033056;2;29.73;1;1;0;1;3;-2.37783409589577
FRA;France;7;4;1999;57.7831002200771;16.7905217693458;0.000229798305850994;2.54111013269167;4.4905533784064;0.000123499881680145;0.0024341210028252;19.56;0;0.63323367;-3.41964602;5.8800;1;0;8.63;0.4414832;2;29.74;1;1;0;1;3;-1.60430749095937
FRA;France;7;3;2000;55.9539382856315;16.6978209495702;0.00377965719516121;3.32975470875705;5.24594382377803;0.000794196711320966;0.00463049242469016;19.56;0;2.25496888;-3.22446728;3.6530;1;0;8.63;0.4414832;2;28.65;1;1;0;1;3;-1.31766518975148
FRA;France;7;2;2001;51.3689196668769;16.5446730566496;0.0119763490946134;4.10823240729492;3.93300276489272;0.00451436685670064;0.0048504077066198;19.56;0;3.87670422;-3.02928829;4.7620;1;0;8.63;0.4414832;2;28.73;1;1;0;1;3;-1.3782825648165
FRA;France;7;4;2002;59.785675879575;16.6243302666126;0.00386505159596245;4.08467462706628;2.73094832930995;0.00325849623835101;0.00413068712610715;19.56;1;5.39217949;2.45058084;1.6440;0;0;6.02;0.4428306;2;29.54;1;1;0;3;3;-3.15865274459101
FRA;France;7;4;2003;54.1461177631911;16.7766052655852;0.00310378938794244;3.93350333888964;2.98193631644672;0.00110362718240786;0.00392485460285324;19.56;0;5.23085690;4.48404694;0.0000;0;0;6.02;0.5404885;2;29.87;1;1;0;3;3;-4.01252043640143
FRA;France;7;4;2004;57.6977574714804;17.1689140681632;0.020613433179251;3.88222500847937;3.12273351662624;0.00137318688117155;0.0041092121350066;19.56;0;4.90695000;3.51433372;0.0000;0;0;6.02;0.5404885;2;30.00;1;1;0;3;3;-3.59629602199722
FRA;France;7;4;2005;63.6383423448324;17.3316209399401;0.012656607541786;4.10099214935586;3.65208419190144;0.000619026708574094;0.00286667313250032;19.56;0;4.58304310;2.54462004;0.0000;0;0;6.02;0.5404885;2;29.95;1;1;0;3;3;-3.35928460435604
FRA;France;7;4;2006;61.7009831451171;17.3603314528557;0.011666551848321;3.97962663984784;4.10268574072705;0.000471054137943195;0.00304788667853021;19.56;0;4.25913620;1.57490659;0.0000;0;0;6.02;0.5404885;2;29.08;1;1;0;3;3;-2.44193754548591
FRA;France;7;5;2007;62.0834285827875;17.7056341053184;0.0145347963973229;3.41639675931501;3.60473846199818;0.000107941796491374;0.00261013357000925;19.56;1;3.98963141;0.99947739;0.0000;0;0;5.77;0.5404885;2;28.90;1;1;0;3;3;-2.6346418858641
FRA;France;7;5;2008;60.7030079298214;18.8230989210854;0.0322301150012073;2.2543271978751;0.887067045576416;0.00014063050739349;0.00321822934468227;19.56;0;3.82764101;2.01877069;0.0000;0;0;5.77;0.5587655;2;29.15;1;1;0;3;3;-3.26612494110769
FRA;France;7;6;2009;56.1642380657076;20.6396944608879;0.00967947271442812;0.143775339270547;-3.7631070424473;0.000109408225691367;0.00162954237190503;19.56;0;3.64708710;3.17535353;0.0000;0;0;5.77;0.4937265;2;31.50;1;1;0;3;3;-7.17328617711979
FRA;France;7;5;2010;46.1705551086082;20.6329023062173;0.0165281128535182;0.153479379550461;0.162919517758226;0.000327029566158035;0.00270499598676736;19.56;0;3.51404142;4.47649336;0.0000;0;0;5.77;0.4937265;2;31.69;1;1;0;3;3;-6.89261149768458
DEU;Germany;8;2;1990;30.1083178549754;20.8698424564914;0;5.19540242701977;0.670275844289762;0;0;2.55;1;-1.97033691;-0.18224272;0.0000;0;0;14.90;0.4265785;5;22.90;1;2;2;0;4;-1.892614527
DEU;Germany;8;2;1991;28.011933915083;23.9139690905534;0;1.51176606854524;-5.88632806942667;0;0;2.55;0;-0.84623885;0.56046146;0.0000;0;0;14.90;0.4237192;5;24.59;1;2;2;0;4;-3.17907738110204
DEU;Germany;8;2;1992;25.4898224339541;24.2704819419216;0;0.887746783677983;-3.29466006575714;0;0;2.55;0;2.10791850;1.67661393;0.0000;0;0;14.90;0.4237192;5;26.43;1;2;2;0;4;-2.60774235818389
DEU;Germany;8;2;1993;28.5057057253721;23.3012087553087;0;1.76590123152506;-0.661998030419085;0;0;2.55;0;5.06207561;2.79276633;0.0000;0;0;14.90;0.4237192;5;27.08;1;2;2;0;4;-3.0985540195603
DEU;Germany;8;2;1994;34.669592113483;22.3958390726069;0;1.84541095651166;3.96305242370121;0;0;2.55;1;8.25655174;3.95935869;0.0000;0;0;11.46;0.4237192;5;27.03;1;2;2;0;4;-2.52510614468926
DEU;Germany;8;1;1995;30.8143983758882;21.8946919806391;0;4.20111318922798;4.21686746987953;0;0;2.55;0;12.43275070;6.30392742;0.0000;0;0;11.46;0.4377242;5;27.41;1;2;2;0;4;-9.43006630449409
DEU;Germany;8;2;1996;36.535828059908;22.159419296063;0;-0.0782759655458847;3.66717982978477;0;0;2.55;0;16.18864441;9.14343452;0.0000;0;0;11.46;0.4377242;5;27.86;1;2;2;0;4;-3.56851553998239
DEU;Germany;8;1;1997;30.983289001966;21.3118304800238;0;2.08042177103114;6.33379565418399;0;0;2.55;0;19.94453430;11.98294258;0.0000;0;0;11.46;0.4377242;5;27.28;1;2;2;0;4;-2.93848328855081
DEU;Germany;8;1;1998;26.5238644947055;20.5745638062985;0;3.09793753182429;5.45718050065875;0;0;2.55;1;18.40319061;11.06886196;3.3900;0;0;3.81;0.4377242;5;27.23;1;2;2;0;4;-2.56944375428588
DEU;Germany;8;1;1999;28.9186115150381;20.2598569132339;0;0.927035885223574;4.37957572274557;0;0;2.55;0;3.47473550;0.61871368;18.7500;1;0;3.81;0.4376548;5;27.55;1;2;2;0;4;-1.72322999890981
DEU;Germany;8;1;2000;28.4240310963759;19.7373242843113;0;1.63783143233083;5.7733624584817;0;0;2.55;0;2.76241708;0.21199200;18.7500;1;0;3.81;0.4376548;5;27.52;1;2;2;0;4;-1.58469903899586
DEU;Germany;8;1;2001;31.7012592970491;19.9256022346987;0;3.30338088882533;2.61001912392074;0;0;2.55;0;2.05009866;-0.19472969;18.7500;1;0;3.81;0.4376548;5;27.61;1;2;2;0;4;-3.02171873268853
DEU;Germany;8;1;2002;34.504702821693;20.6275339089207;0;0.944264297601578;1.70714896198065;0;0;2.55;1;1.19962120;-0.69746792;18.7500;1;0;3.44;0.4376548;5;28.21;1;2;2;0;4;-3.86887688244204
DEU;Germany;8;2;2003;41.2186039892797;21.0966793850371;0;0.189923706229408;2.00378420285061;0;0;2.55;0;0.83524096;-1.17722273;18.7500;1;0;3.44;0.4295203;5;28.61;1;2;2;0;4;-3.69868709949626
DEU;Germany;8;2;2004;35.5256567068554;21.1844442484788;0;0.602661249044417;3.99209129032087;0;0;2.55;0;1.34278607;-1.23991835;18.7500;1;0;3.44;0.4295203;5;27.96;1;2;2;0;4;-3.34524600879547
DEU;Germany;8;2;2005;26.8028675866368;21.4115261071001;0;0.928941215438584;2.77985055556123;0;0;2.55;1;2.02637172;-0.99853349;17.7225;1;0;5.09;0.4295203;5;28.15;1;2;2;0;4;-3.32466993593929
DEU;Germany;8;2;2006;36.313052774808;21.3207863641359;0;0.920723414612866;4.02740965802573;0;0;2.55;0;8.44709587;4.53148079;0.0000;1;0;5.09;0.4736524;5;26.90;1;2;2;0;4;-1.65282154230647
DEU;Germany;8;2;2007;31.5908671302849;20.7668705097503;0;2.7532807031041;5.29933650739021;0;0;2.55;0;6.57987070;2.82341790;0.0000;1;0;5.09;0.4736524;5;25.92;1;2;2;0;4;0.260555265206183
DEU;Germany;8;2;2008;26.9707614422978;21.5648727254009;0;3.03723677240961;0.783995060876521;0;0;2.55;0;4.71264505;1.11535478;0.0000;1;0;5.09;0.4736524;5;26.17;1;2;2;0;4;-0.116525502882462
DEU;Germany;8;2;2009;30.4194591294454;24.0675224350333;0;1.77390522146771;-8.0744474323113;0;0;2.55;1;3.74093175;1.04758000;0.0000;0;0;6.46;0.4736524;5;28.84;1;2;2;0;4;-3.15335298253426
DEU;Germany;8;2;2010;33.3118476832685;23.6862386588924;0;0.322930666499261;3.18595865407703;0;0;2.55;0;5.19805241;4.97496510;0.0000;0;0;6.46;0.5296463;5;28.03;1;2;2;0;4;-4.38859588851028
GRC;Greece;9;1;1990;11.2938909249543;21.168890584749;0.007472066670426;2.65716286284953;2.92393508123074;0.00604113463038852;0.0245084931517694;6.64;1;7.65966272;8.81263733;0.0000;0;1;3.20;0.3906847;1;16.49;1;2;0;0;1;-14.04010729
GRC;Greece;9;1;1991;13.361469580082;21.655025854054;0.00645714738780446;2.54708482952901;1.04817584704435;0.0057147022321962;0.0110336762208728;6.64;0;8.79454422;9.39469337;0.0000;0;1;3.20;0.3822413;1;15.92;1;2;0;0;1;-9.8634605
GRC;Greece;9;1;1992;10.9206084202334;22.2592205187876;0.00382941213119969;1.96705575674531;1.59934267687127;0.0035385665848701;0.010530358990424;6.64;0;9.75245571;9.32154560;0.0000;0;1;3.20;0.3822413;1;16.14;1;2;0;0;1;-10.93276636
GRC;Greece;9;1;1993;7.31091399200262;23.4090318084193;0.0020694999184069;1.62350295323319;-0.628666351905437;0.00439130022034328;0.0103638064609771;6.64;1;8.19037914;5.15346050;0.0000;0;1;4.67;0.3822413;1;17.02;1;2;0;0;1;-11.93952797
GRC;Greece;9;1;1994;7.03444846426306;23.1862574341006;0.00107564250961018;0.924929488177952;2.35834218111899;0.00354927222731716;0.0091384859686184;6.64;0;1.84620690;-6.49471998;0.0000;1;1;4.67;0.3612072;1;17.05;1;2;0;0;1;-8.262472678
GRC;Greece;9;1;1995;7.76566008619689;23.1766607320363;0.0014784630724632;1.12472291500529;2.10669525325974;0.00294532525191239;0.00792621788101579;6.64;0;3.21672249;-5.43222094;0.0000;1;1;4.67;0.3612072;1;17.41;1;2;0;0;1;-8.6526068175586
GRC;Greece;9;1;1996;8.42132139209679;23.4696941384658;0.000792335634593578;1.35807806646662;1.41299367250002;0.00316720888959731;0.00950000418254666;6.64;1;4.52970409;-4.36217690;0.0000;1;1;4.38;0.3612072;1;17.98;1;2;0;0;1;-7.31540481880317
GRC;Greece;9;1;1997;7.68301811467638;23.4009423125566;0.000349211773037017;0.878201639970939;2.33629652937944;0.00312952911713523;0.00686900140936528;6.64;0;5.15227795;-3.20159030;0.0000;1;1;4.38;0.3849319;2;17.98;1;2;0;0;1;-5.49805387728742
GRC;Greece;9;1;1998;10.6330800802735;22.6152011693207;0.000330301668656444;0.950262691440912;3.58865942535427;0.00107575015943742;0.00162682876825974;6.64;0;5.60225010;-2.01836848;0.0000;1;1;4.38;0.3849319;2;18.64;1;2;0;0;1;-6.08411922456148
GRC;Greece;9;1;1999;9.73933162841471;22.6309940264054;2.46306666748466e-05;0.203811154729848;3.42137379882455;0.000758651621157184;0.00520222863483441;6.64;0;6.05222225;-0.83514673;0.0000;1;1;4.38;0.3849319;2;19.24;1;2;0;0;1;-5.53860049405088
GRC;Greece;9;1;2000;9.25644264402523;22.3258723712198;0.000420893186746659;1.5532902530466;3.92366922704063;0.00399771152732431;0.0124062949544023;6.64;1;6.23632431;0.19161859;0.0000;1;1;3.60;0.3849319;2;19.23;1;2;0;0;1;-4.01396038495971
GRC;Greece;9;1;2001;8.25346698796595;22.1418541151996;0.00093285177766983;2.00833418538838;1.98372141863292;0.00740764088809509;0.00866624273024419;6.64;0;5.35694647;0.59255797;0.0000;1;1;3.60;0.3660830;2;20.64;1;2;0;0;1;-5.4660570929959
GRC;Greece;9;1;2002;9.23486805267056;22.7211494436744;0.000249762683660724;2.0674257413845;1.13553148214601;0.00511925912961926;0.00820742295841748;6.64;0;4.38894558;0.94134521;0.0000;1;1;3.60;0.3660830;2;20.20;1;2;0;0;1;-6.02407427346494
GRC;Greece;9;1;2003;9.92512965179233;23.143427286765;0.000248197074483071;1.85936824410877;0.823160756684118;0.00399470823667952;0.00704538983999861;6.64;0;3.42094469;1.29013240;0.0000;1;1;3.60;0.3660830;2;19.87;1;2;0;0;1;-7.83041716576796
GRC;Greece;9;1;2004;9.63795255930087;23.0446960978721;0.000155672842486141;1.62267544006134;2.82975292869891;0.00264743802552653;0.00806824295845649;6.64;1;1.27149796;1.87580538;0.0000;0;1;4.49;0.3660830;2;19.99;1;2;0;0;1;-8.82788084399929
GRC;Greece;9;1;2005;10.8014565571331;23.0670392801425;0;1.93634141901367;1.66321998030079;0.00217381617676599;0.0103367815069983;6.64;0;1.55571675;1.46096170;0.0000;0;1;4.49;0.3634964;2;21.08;1;2;0;0;1;-6.18794302213937
GRC;Greece;9;1;2006;9.71090490172663;22.7591793094828;0;2.15532739127715;2.44932360111885;0.00457970317798297;0.0118840608454153;6.64;0;2.46889853;0.84678584;0.0000;0;1;4.49;0.3634964;2;21.30;1;2;0;0;1;-5.94597671182071
GRC;Greece;9;0;2007;9.99482050936388;22.4331396546751;0;2.5566370154462;2.42473624337305;0.00374524825659996;0.0104120456547813;6.64;1;3.11227107;0.27449724;0.0000;0;1;4.43;0.3634964;2;21.47;1;2;0;0;1;-6.70707442287015
GRC;Greece;9;0;2008;9.43491759874262;22.5625633664261;0;2.36707384043677;0.254945960124005;0.00462300364192665;0.013136740544684;6.64;0;0.51792985;0.20485604;0.0000;0;1;4.43;0.4140824;2;22.22;1;2;0;0;1;-10.1760235116764
GRC;Greece;9;0;2009;9.28008924684781;24.0808047006283;0;0.0666274760495753;-2.87331382849631;0.00407991484935452;0.00701029828677177;6.64;1;-2.59299493;-0.55677432;0.0000;0;1;7.57;0.4140824;2;24.38;1;2;0;0;1;-15.1477134661029
GRC;Greece;9;1;2010;9.85246816768123;23.9892566941431;0;1.06969747621216;1.94943762312663;0.00274998381029871;0.0102281051263441;6.64;0;-0.04668874;-1.99782228;0.0000;1;1;7.57;0.4109012;2;24.24;1;2;0;0;1;-11.2924095589941
IRL;Ireland;10;1;1990;77.4533838963982;18.5775072156811;0.0403618844770405;7.88621806573684;0.733755503077219;0.103070952962832;0.851991702991889;4.17;0;11.03603554;-0.0483041;0.0000;0;0;9.28;0.4421014;2;17.17;1;2;0;1;2;-2.81397810068146
IRL;Ireland;10;1;1991;76.3642361024671;19.4340307979122;0.0340465879902183;6.41908637640674;-1.10312156108647;0.0914263625484336;0.374382399730636;4.17;0;9.91086960;-0.6531332;0.0000;0;0;9.28;0.4421014;2;18.09;1;2;0;1;2;-2.86322588721318
IRL;Ireland;10;1;1992;73.9104294401683;19.9128311290299;0.0164380439226961;3.32097934317881;0.401081984378223;0.0629249529913137;0.393201438254935;4.17;1;8.78570271;-1.2579622;0.0000;0;0;7.29;0.4421014;2;18.87;1;2;0;1;2;-2.96651538143989
IRL;Ireland;10;1;1993;70.3924890802543;19.2209581565956;0.00286136620473937;2.73304427923371;2.4898309651207;0.0929957954392585;0.44464710762726;4.17;0;6.74603605;-3.3265870;0.0000;0;0;7.29;0.4792743;2;18.84;1;2;0;1;2;-2.74012558708573
IRL;Ireland;10;1;1994;70.5904794722851;18.8683198782602;0.00261916517831006;1.39362352345111;3.84600922514838;0.0770437034916097;0.471182219133516;4.17;0;5.35443926;-2.0739083;0.0000;0;0;7.29;0.4792743;2;18.43;1;2;0;1;2;-1.97047208937582
IRL;Ireland;10;1;1995;71.0525761754524;17.0488713211117;0.00925140591251758;11.6502467020699;2.53166996442249;0.0716171367687753;0.465302074995057;4.17;0;2.64269233;-0.3503239;0.0000;0;0;7.29;0.4792743;2;17.88;1;2;0;1;2;-2.08062464112712
IRL;Ireland;10;1;1996;71.1510879927171;16.6066031793411;0.00595093603981637;4.8203642887578;1.90780710105234;0.101686542967553;0.640780053760619;4.17;0;1.49812126;1.4453263;0.0000;0;0;7.29;0.4792743;2;16.91;1;2;0;1;2;-0.197813185340691
IRL;Ireland;10;1;1997;69.7648777135002;16.070619905404;0.00324770437520543;0.305260947193943;4.36658107426521;0.0950902038374508;0.450723930091001;4.17;1;2.03069568;2.6980979;0.0000;0;0;6.44;0.4792743;2;15.81;1;2;0;1;2;1.37382533927656
IRL;Ireland;10;1;1998;69.8907995203266;16.0743341011842;0.00252436464607003;1.55019243518264;3.15728733863099;0.0388813865442496;0.112148869506467;4.17;0;4.64293289;1.0099338;0.0000;0;0;6.44;0.4468521;3;14.88;1;2;0;1;2;2.0671171518951
IRL;Ireland;10;1;1999;71.168514715948;16.4931283819375;0.000260662131950172;1.42830265046672;3.0140704762541;0.0321605581981078;0.403811133556476;4.17;0;6.27124500;-1.1156636;0.0000;0;0;6.44;0.4468521;3;14.00;1;2;0;1;2;3.53680372218205
IRL;Ireland;10;1;2000;74.4769282136895;16.6832100826142;0.00310687675400084;1.31196761056869;4.09265347753652;0.191113797593444;0.79738081754954;4.17;0;7.89955711;-3.2412610;0.0000;0;0;6.44;0.4468521;3;13.13;1;2;0;1;2;4.87195643523248
IRL;Ireland;10;1;2001;73.2814984517533;17.3225369611891;0.0109268889194425;1.81559623872916;2.15742817784832;0.354109683530107;0.596217984893362;4.17;0;9.52786922;-5.3668585;0.0000;0;0;6.44;0.4468521;3;14.12;1;2;0;1;2;0.960773960440517
IRL;Ireland;10;1;2002;73.520456584199;18.1789570420851;0.00424838650304939;2.22296922041048;1.77076529877269;0.248168523237167;0.584919477413012;4.17;1;10.33463860;-6.8697262;0.0000;0;0;5.63;0.4468521;3;15.01;1;2;0;1;2;-0.519664734606564
IRL;Ireland;10;1;2003;74.1703416745898;18.8681207454304;0.00373674122582357;2.51873363012362;3.12305331258689;0.232264199704295;0.547096874839945;4.17;0;7.92568398;-6.1984982;0.0000;0;0;5.63;0.4676755;3;15.41;1;2;0;1;2;0.346128541324143
IRL;Ireland;10;1;2004;75.3880872423188;19.4536126097535;0.0197797078932616;2.65324298148097;2.34497148161661;0.163507011242778;0.55904721790336;4.17;0;5.26636505;-5.4253016;0.0000;0;0;5.63;0.4676755;3;15.76;1;2;0;1;2;1.29837599123513
IRL;Ireland;10;1;2005;74.4298553964585;19.6567981978262;0.011043158163551;3.0108694145375;2.66833765676094;0.148052568007823;0.691737887583002;4.17;0;2.60704660;-4.6521049;0.0000;0;0;5.63;0.4676755;3;15.75;1;2;0;1;2;1.56934964177266
IRL;Ireland;10;2;2006;75.6124342322649;19.8556934677768;0.00969427322222443;3.00416882978874;2.16040532059112;0.239166226504142;0.702613628617801;4.17;0;-0.05227199;-3.8789082;0.0000;0;0;5.63;0.4676755;3;15.89;1;2;0;1;2;2.77884364769791
IRL;Ireland;10;2;2007;78.4620239152507;19.7143600173891;0.0120834930935052;2.33017201288135;2.56346046050109;0.204434152491403;0.672535327043496;4.17;1;-1.36492264;-3.0798721;7.3400;0;0;3.36;0.4676755;3;16.59;1;2;0;1;2;0.268147673813417
IRL;Ireland;10;3;2008;80.2167190707585;20.4022356037391;0.0449898635252339;3.32581555447497;-0.154344314706506;0.31886016596389;0.930961313217611;4.17;0;3.63793325;-2.0226629;13.3300;0;0;3.36;0.4422387;3;19.54;1;2;0;1;2;-7.03124580630066
IRL;Ireland;10;3;2009;74.2327867885738;21.9907828043627;0.0164914325728607;1.90932863144224;-4.51048560011785;0.280199766944225;0.567698737602498;4.17;0;9.39929008;-0.9052348;13.3300;0;0;3.36;0.4421389;3;23.41;1;2;0;1;2;-13.8595795537771
IRL;Ireland;10;2;2010;76.3785477623534;21.5354807579598;0.0304592841178092;1.43351938337761;2.43007289502704;0.202285625735084;0.739455104496938;4.17;0;15.61524677;0.2542252;13.3300;0;0;3.36;0.4419893;3;23.28;1;2;0;1;2;-32.1347897099862
ITA;Italy;11;5;1990;94.9072609633357;17.4830479131089;0.0680248628651421;20.6905995833877;0;0.00285827553356533;0.0781877259831789;4.82;0;1.21005273;2.1105254;0.0000;0;0;5.32;0.5038669;3;22.92;1;2;0;0;3;-11.0227985744747
ITA;Italy;11;4;1991;91.3241753630081;16.4900855895193;0.0576543355869483;19.7877424212686;3.0999994113015;0.00222032877254531;0.0361911704290775;4.82;0;0.99561083;2.2577496;0.0000;0;0;5.32;0.5038669;3;23.46;1;2;0;0;3;-10.967094223961
ITA;Italy;11;3;1992;93.6924110141034;15.9484187312302;0.03061336325238;14.7988138824858;0.700000209365783;0.00140796374696015;0.0284858105864621;4.82;1;1.03166556;2.8308425;0.0000;0;0;5.95;0.5482581;3;24.46;1;2;0;0;3;-9.99888952909402
ITA;Italy;11;2;1993;93.6518341767837;16.5990629140884;0.00356668486046353;14.4287478803401;-1.60000018360918;0.00121228700393895;0.0248365709451413;4.82;0;1.86912346;3.9829931;0.0000;0;NA;5.95;0.5482581;3;24.54;1;2;0;0;3;-9.668468074034
ITA;Italy;11;2;1994;93.2839701839974;15.9849009791957;0.00447609510981134;11.1818880928644;2.00000026068379;0.000440691215361913;0.0198109671359437;4.82;1;3.12474585;5.4141512;0.0000;0;0;5.97;0.5482581;3;24.23;1;1;0;0;3;-8.74493044601718
ITA;Italy;11;2;1995;91.1208503837865;17.7926942672248;0.0196316368429941;9.79183594507509;2.09971973736229;0.000347459907541171;0.0165779348923547;4.82;0;2.59719563;3.0808473;0.0000;0;NA;5.97;0.3624545;3;23.39;1;1;0;0;3;-7.197924072432
ITA;Italy;11;2;1996;89.3871872863172;17.6078261788867;0.0101483448667407;7.63569997388605;2.86212880203753;0.000446710812550068;0.0194162689715135;4.82;1;3.00108957;2.1206598;2.9900;0;0;6.00;0.3624545;3;23.65;1;1;0;0;3;-6.61587808828559
ITA;Italy;11;2;1997;90.6888108657489;17.6826812251898;0.00467971987827604;6.55338076905754;4.48419902004329;0.000447126234072909;0.0177310235733204;4.82;0;4.28348875;1.3244002;4.5450;1;0;6.00;0.5679778;3;24.40;1;1;0;0;3;-2.97879921740898
ITA;Italy;11;2;1998;91.4530099610221;17.4975180531606;0.00961082789577263;5.10356807811381;3.89490502829646;0.000163021127448402;0.00319001868328658;4.82;0;5.77659464;1.5690025;5.0550;0;0;6.00;0.5679778;3;24.51;1;1;0;0;3;-2.99032388761085
ITA;Italy;11;2;1999;89.9787427877315;17.9800730297697;0.00172818103018523;3.62273362624501;3.07259669091249;7.6700498671712e-06;0.000604010146105808;4.82;0;7.26109314;1.8136048;7.4100;0;0;6.00;0.5679778;4;24.77;1;1;0;0;3;-1.7749427465307
ITA;Italy;11;2;2000;91.9382311651848;18.2600038247817;0.0193668420207193;1.59267050430341;3.91977071728951;0.000810487925912165;0.0212524178944873;4.82;0;8.74559116;2.0582070;2.4000;1;0;6.00;0.5679778;4;24.49;1;1;0;0;3;-2.41989458023564
ITA;Italy;11;2;2001;94.2817846107469;18.7149745182193;0.0626065609307797;3.47475231858387;4.13161225295717;0.00141170458091506;0.0157248980114331;4.82;1;9.84396076;2.9620724;0.0000;0;0;4.73;0.5679778;4;24.69;1;1;0;0;3;-3.19135243665273
ITA;Italy;11;2;2002;93.1689683937344;19.227313167336;0.0188680288010015;3.34877098584955;3.92287165291359;0.00102399675176959;0.00932707807498872;4.82;0;9.56570339;4.2978201;0.0000;0;0;4.73;0.3408506;4;25.18;1;1;0;0;3;-2.87035193094382
ITA;Italy;11;2;2003;89.5812106035748;18.9588537995518;0.0148303355907181;3.45357401172402;5.7945314727466;0.000620933230535022;0.00754365391069418;4.82;0;9.20084763;5.3509169;0.0000;0;0;4.73;0.3408506;4;25.72;1;1;0;0;3;-3.21605810289551
ITA;Italy;11;2;2004;89.701256524918;19.1550226686695;0.127476587705834;3.06266241788144;5.06099220398106;0.000425748731673649;0.00862756273670467;4.82;0;8.83599091;6.4040141;0.0000;0;0;4.73;0.3408506;4;25.87;1;1;0;0;3;-3.48410575009851
ITA;Italy;11;2;2005;89.0521143587931;20.0202329513221;0.0806459352966698;2.24031924354691;0.599142188605043;0.000275016694943098;0.0114680440013344;4.82;0;8.47113609;7.4571114;0.0000;0;0;4.73;0.3408506;4;26.15;1;1;0;0;3;-4.08116661209762
ITA;Italy;11;2;2006;87.1981920603533;20.1554828614839;0.0737680533894781;3.49504250996392;5.65243362169147;0.000684989157388419;0.00863592917515509;4.82;1;1.97227561;0.6758384;2.3240;1;0;2.96;0.3408506;4;26.29;1;2;0;0;3;-3.61220066220462
ITA;Italy;11;2;2007;92.6344660426401;20.520283425752;0.107293034616825;3.42266698622969;3.27374690421107;0.00058213893390788;0.00547347842620884;4.82;0;-2.27270055;0.2123283;3.7037;1;0;2.96;0.5303316;4;26.12;1;2;0;0;3;-1.34055846217386
ITA;Italy;11;2;2008;90.8300483214649;20.7211319424709;0.288466026227051;4.34458291500918;-0.335172341805816;0.000533264901747996;0.00555690024489024;4.82;1;3.21513486;8.7084703;1.3000;0;0;1.50;0.5303316;4;27.09;1;2;0;0;3;-2.56456236432507
ITA;Italy;11;2;2009;86.571512750843;23.3090125248122;0.0925989401251345;2.56977086948842;-4.30073367269142;0.000388138705428898;0.00367622767786729;4.82;0;3.92359972;8.3308573;0.0000;0;0;1.50;0.4506042;4;29.20;1;2;0;0;3;-5.12442717212725
ITA;Italy;11;2;2010;81.4335767950215;22.3569074677088;0.174272887703387;-0.177048202077941;-5.47821774237963;0.000214608429894426;0.0117347143562066;4.82;0;3.00237012;6.5410242;0.0000;0;0;1.50;0.4506042;4;29.22;1;2;0;0;3;-4.2441877261252
JPN;Japan;12;6;1990;79.3239159463068;17.1603596265385;0.000247675413943692;-0.729183996870802;8.46652751562198;0.115844077448463;0;10.50;1;1.19738948;1.8957464;0.0000;0;1;1.50;0.5351132;2;11.28;0;1;0;0;3;2.11073010408532
JPN;Japan;12;6;1991;80.6229068988614;18.152851922838;8.76207105388607e-06;1.80139465217866;1.9296392999649;0.0979624005811619;0;10.50;0;0.88865775;2.4829502;0.0000;0;1;1.50;0.5351132;2;11.47;0;1;0;0;3;1.92887336173777
JPN;Japan;12;6;1992;80.9759188846641;18.5489721857361;4.27813802172803e-06;2.81222188905635;3.34327408605159;0.0604391209333233;0;10.50;0;0.57992601;3.0701542;0.0000;0;1;1.50;0.5351132;2;12.09;0;1;0;0;3;0.628719196321052
JPN;Japan;12;6;1993;83.5593535203418;18.3433303111039;8.0921876759714e-07;5.17575223338147;2.69260949743358;0.0826918802400957;0;10.50;1;1.42965984;2.6566691;0.0000;0;1;1.71;0.5348981;2;12.81;0;1;0;0;3;-2.4424397647006
JPN;Japan;12;6;1994;83.0520560969812;18.1645728775386;1.01926628128879e-06;1.69453086709859;5.75582705749179;0.0644494538290793;0;10.50;0;6.63621664;2.0844495;0.0000;0;0;1.71;0.5945392;2;13.45;0;1;0;0;3;-3.76190924498171
JPN;Japan;12;6;1995;84.4012724380823;17.2179345251553;3.4424646620909e-06;3.03399619402518;9.63442207285961;0.0548881319848393;0;10.50;0;12.89980698;1.4548167;0.0000;0;0;1.71;0.5945392;2;14.33;0;1;0;0;3;-4.29561186755639
JPN;Japan;12;6;1996;84.4080338266385;16.5925495108963;0;2.29225323581868;7.37962433469586;0.0606038896805882;0;10.50;1;20.45346642;0.3563053;0.0000;0;0;0.78;0.5934641;2;14.61;0;1;0;0;3;-4.86922149069576
JPN;Japan;12;6;1997;85.4334907816547;16.1188292416928;0;3.92925957756955;11.0217649889624;0.0490822106819781;0;10.50;0;23.43015671;1.6400237;0.0000;0;1;0.78;0.5534842;3;14.79;0;1;0;0;3;-3.52631142243342
JPN;Japan;12;6;1998;86.2822109397452;15.5479515599581;0;6.55278024657413;8.76612230997861;0.013697971270316;0;10.50;0;19.61182404;4.9256725;0.0000;0;1;0.78;0.5534842;3;15.60;0;1;0;0;3;-10.0468539170654
JPN;Japan;12;6;1999;87.1077417872731;15.0261987411711;0;4.37619342180058;10.5298862580675;0.00755640219309004;0;10.50;0;14.02002525;8.0489931;0.0000;0;0;0.78;0.5733413;3;16.47;0;1;0;0;3;-6.74865330302926
JPN;Japan;12;6;2000;87.5174249144595;14.7459204426839;0;6.87495032002592;9.40352464209762;0.0346407484846254;0;10.50;1;7.77481174;10.7127771;0.0000;0;0;6.55;0.5733413;3;16.80;0;1;0;0;3;-7.28182874791026
JPN;Japan;12;6;2001;86.9275738876259;15.3998306188885;0;6.85968668654209;5.3058209115725;0.0409198375394884;0;10.50;0;7.26124191;9.9651871;0.0000;0;0;6.55;0.5830161;3;17.71;0;1;0;0;3;-6.20044355924033
JPN;Japan;12;6;2002;86.0564344080828;15.8062322641555;0;5.18690302433589;5.89936576117442;0.0278516648480177;0;10.50;0;7.55751896;8.5400114;0.0000;0;0;6.55;0.6365670;3;18.13;0;1;0;0;3;-7.3359890496983
JPN;Japan;12;6;2003;87.2651944813161;16.0558800096065;0;3.91173070296252;3.01383807882773;0.0190134150219432;0;10.50;1;7.84655094;7.1059561;0.0000;0;0;3.75;0.6365670;3;18.22;0;1;0;0;3;-7.4333843669258
JPN;Japan;12;6;2004;88.5742613523696;16.1660379632399;0;0.515336518952296;6.78814020435452;0.0179777228751359;0;10.50;0;6.43486214;7.0023670;0.0000;0;0;3.75;0.6351126;3;18.27;0;1;0;0;3;-5.31417784030549
JPN;Japan;12;6;2005;83.1304144228518;16.0571073028133;0;3.07321069015039;5.7397821688559;0.0120799204825974;0;10.50;1;4.16223240;7.6754284;0.0000;0;0;1.77;0.5471976;3;18.84;0;1;0;0;3;-4.43846235461691
JPN;Japan;12;6;2006;82.9879038206225;16.2267367718476;0;3.41989801455989;4.98785347349479;0.0187226360984475;0;10.50;0;3.64757061;7.3203416;0.0000;0;0;1.77;0.4983841;3;18.76;0;1;0;0;3;-3.0287560854472
JPN;Japan;12;6;2007;82.1668402341365;16.8469994194329;0;1.19848813203285;5.31011814691841;0.0129689735915304;0;10.50;0;3.63029146;6.5497189;0.0000;0;0;1.77;0.4983841;3;19.13;0;1;0;0;3;-2.90100756265372
JPN;Japan;12;6;2008;78.8217199411529;18.6524250310558;0;-0.504525802138019;-4.48407049219472;0.0223637179939959;0;10.50;0;3.61301231;5.7790966;0.0000;0;0;1.77;0.4847271;3;20.30;0;1;0;0;3;-4.10962900877149
JPN;Japan;12;6;2009;75.9031404249231;20.0406285492001;0;-4.62459858665488;-5.09578275532317;0.0154297916829434;0;10.50;1;2.31576777;3.5730617;0.0000;0;0;NA;0.4847271;3;22.58;0;1;0;0;3;-9.69300422032316
JPN;Japan;12;5;2010;79.0353492333901;18.6655378471847;0;-2.88983583577426;1.68297153835975;0.0118645107483732;0;10.50;0;0.57177901;0.2959022;0.0000;0;0;NA;0.4847271;3;22.71;0;1;0;0;3;-9.07585020570465
NLD;Netherlands;13;4;1990;83.5995815094747;19.6030424787827;0.000213471935436106;8.91406346285557;1.98577494287171;0.0362198357587263;0.0419491832553499;1.08;0;-1.27616763;-4.5772419;0.0000;1;0;10.98;0.5822589;1;26.02;1;2;0;0;3;-4.68560251401403
NLD;Netherlands;13;4;1991;79.1040471689044;19.6914281721995;0.000170706120461563;7.58132868312238;1.53844755776618;0.0286289191931992;0.0171053685907299;1.08;0;-1.09127820;-3.3977647;0.0000;1;0;10.98;0.5989796;1;25.92;1;2;0;0;3;-2.29835161363123
NLD;Netherlands;13;4;1992;79.2664415183143;19.5304094060409;8.47799618127637e-05;4.36811548625116;0.834275453554895;0.0198267430899042;0.0179568004778255;1.08;0;-0.90638888;-2.2182875;0.0000;1;0;10.98;0.5989796;1;26.38;1;2;0;0;3;-3.74951235971064
NLD;Netherlands;13;4;1993;79.217729641175;19.3824106828705;8.33753519545855e-06;3.88595185807743;-0.852805763831867;0.0300438616432927;0.0223760178909074;1.08;0;-0.72149944;-1.0388103;0.0000;1;0;10.98;0.5989796;1;26.53;1;2;0;0;3;-2.54522930102432
NLD;Netherlands;13;4;1994;78.7181953309434;18.6919490037956;4.31653467402293e-06;3.54247357636952;2.15102363802566;0.0254935981393651;0.0209033244182001;1.08;1;-0.41213721;0.2310846;0.0000;0;0;7.62;0.5989796;1;25.28;1;2;0;0;3;-3.29836701793401
NLD;Netherlands;13;3;1995;82.306499721946;17.4347771884492;1.31593275515381e-05;4.92524449399963;2.88683675924553;0.0238112577297162;0.0234658173167034;1.08;0;1.50798368;0.3683876;0.0000;0;0;7.62;0.6406985;1;24.49;1;2;0;0;3;-8.71856163905682
NLD;Netherlands;13;3;1996;80.4526353603623;17.6164843006228;5.38733431426817e-06;4.5076232078974;1.26678480191715;0.026247751006824;0.0305439777705587;1.08;0;1.88404584;-0.6387607;0.0000;0;0;7.62;0.6503561;1;23.36;1;2;0;0;3;-1.81329108414436
NLD;Netherlands;13;3;1997;80.874073112557;17.6828588960773;3.78100072819506e-06;2.56737468974622;1.83021223388438;0.0268507782196868;0.0278166941572806;1.08;0;2.26010799;-1.6459093;0.0000;0;0;7.62;0.6503561;1;22.63;1;2;0;0;3;-1.57298867848912
NLD;Netherlands;13;3;1998;81.2185842975695;17.5284656244103;6.33521026322453e-06;2.40262167809806;1.81061516197623;0.0106475084724409;0.00650381505132439;1.08;1;3.03282285;-2.1418290;0.0000;0;0;8.15;0.6503561;1;22.26;1;2;0;0;3;-1.34630545493259
NLD;Netherlands;13;3;1999;79.6848662513741;17.5472142055117;7.07333356392385e-07;1.5361284470883;1.6257275993546;0.00766719047258072;0.021187026924806;1.08;0;3.67328310;-1.7815946;0.0000;0;0;8.15;0.6407633;2;21.32;1;2;0;0;3;0.260112437236851
NLD;Netherlands;13;2;2000;80.6702205296713;17.7360219132641;9.39992735255409e-07;1.79239796601405;3.78695514323979;0.0427024838528415;0.0484364654041225;1.08;0;4.20040894;-1.4207735;0.0000;0;0;8.15;0.6407633;2;20.52;1;2;0;0;3;1.2083656765764
NLD;Netherlands;13;3;2001;79.4320580814582;18.3998335143982;7.10838500868098e-05;3.03359202588445;1.95137155605238;0.0714612787847084;0.0313694642142148;1.08;0;4.72753525;-1.0599525;0.0000;0;0;8.15;0.6407633;2;20.46;1;2;0;0;3;-0.408496054040152
NLD;Netherlands;13;2;2002;82.0251358401914;18.5459988451104;3.11340012092936e-05;3.27434188043023;0.253942998968455;0.0490738730192275;0.0410550184110619;1.08;1;5.45290565;0.1345810;0.0000;0;0;5.53;0.6407633;2;21.22;1;2;0;0;3;-1.99589409232107
NLD;Netherlands;13;2;2003;82.9277834831877;18.9754277141381;4.28577660381521e-05;3.1478079285654;0.138626890776507;0.0410845694033431;0.0396340217354215;1.08;1;6.29017258;0.3705252;0.0000;0;0;4.56;0.6549020;2;22.00;1;2;0;0;3;-3.05949814640838
NLD;Netherlands;13;2;2004;80.5826686997299;19.1593582401662;0.000114836062208076;2.67018368106109;1.42359415817907;0.0295526480889898;0.0460913358803641;1.08;0;3.85892916;0.9010488;0.0000;0;0;4.56;0.6383931;2;21.92;1;2;0;0;3;-1.75375582017433
NLD;Netherlands;13;2;2005;82.7998248214526;19.6144935781847;7.50318420658935e-05;2.01055790083582;0.817848973650598;0.0276643877054844;0.0726470304282072;1.08;0;1.47117913;1.4878078;0.0000;0;0;4.56;0.6383931;2;22.45;1;2;0;0;3;-0.449864695519515
NLD;Netherlands;13;2;2006;82.6706013500557;19.483774834693;1.64679393801881e-05;2.12485391464755;1.79063968081796;0.0457769319241497;0.0787118315628181;1.08;1;-0.91657096;2.3098578;0.0000;0;0;10.32;0.6503126;2;22.15;1;2;0;0;3;-0.013341041490638
NLD;Netherlands;13;3;2007;83.6306298706776;19.0276459621567;0.000174164139054796;2.47899476586151;1.48707298036786;0.0387152871497122;0.076812758719498;1.08;0;-2.61646914;1.6656457;0.0000;0;0;10.32;0.6505632;2;21.90;1;2;0;0;3;-0.213321189689531
NLD;Netherlands;13;2;2008;80.6137908377907;19.5599387775315;0.000387459028734359;2.40070344440197;-0.962012840579291;0.0519976130848186;0.0887926820909898;1.08;0;-1.93001914;1.2327372;0.0000;0;0;10.32;0.6619505;2;21.56;1;2;0;0;3;0.101199093379724
NLD;Netherlands;13;3;2009;75.1573690325489;20.6786355974322;7.92631313396438e-05;1.67883895982297;-5.2809372082931;0.042604869131531;0.0450037104794471;1.08;0;-0.90436411;1.4002147;0.0000;0;0;10.32;0.6619505;2;23.78;1;2;0;0;3;-5.16717373873492
NLD;Netherlands;13;5;2010;73.2616401080419;20.5529841689778;0.000214795839422277;0.436360537541674;1.71329583916922;0.0359347782107771;0.0742619766077365;1.08;1;0.51729470;4.0239563;0.0000;0;NA;9.79;0.6619505;2;24.33;1;2;0;0;3;-5.32132207342938
NZL;New Zealand ;14;1;1990;54.8577342225207;13.5450283669728;0.00142501968640731;2.65598494650376;4.84092905745234;0.00171591592218959;0.00238086708120964;9.11;1;1.36302757263184;1.41302716732025;0;1;1;11.2399997711182;0.323899358510971;1;21.1800003051758;0;0;0;0;1;-4.8946771504508
NZL;New Zealand ;14;1;1991;54.8177385393554;13.5975407449258;0.000995794169865893;2.82259651713881;3.52335723533228;0.00107641473224587;0.0016067485101453;9.11;0;3.43795394897461;5.07852172851562;0;0;1;11.2399997711182;0.249034509062767;1;21.5400009155273;0;0;0;0;1;-3.58118150180973
NZL;New Zealand ;14;1;1992;55.4366971688792;13.9953920345949;0.000426860547990339;1.61372352972413;0.900586066360461;0.000706354319860103;0.00183771545829184;9.11;0;3.47305512428284;5.44047927856445;0;0;1;11.2399997711182;0.249034509062767;1;21.3600006103516;0;0;0;0;1;-2.98472576164137
NZL;New Zealand ;14;1;1993;53.7871203442628;14.6150848692991;2.5941844450908e-05;0.509067249192981;-0.459219716150798;0.000762021978209628;0.00145962203666501;9.11;1;3.50815629959106;5.80243682861328;0;0;1;8.40999984741211;0.249034509062767;1;19.6800003051758;0;0;0;0;1;-0.408386235386559
NZL;New Zealand ;14;1;1994;54.9619707094423;14.7483119048313;2.2343449226207e-05;2.04914796047746;1.08338317429946;0.000831026721051154;0.000810030385998738;9.11;0;3.08984804153442;5.50236654281616;0;0;1;8.40999984741211;0.362005323171616;1;18.9300003051758;0;0;0;0;1;2.5755877992332
NZL;New Zealand ;14;1;1995;54.0521915510538;15.079728572976;0.000250255323146295;-0.523458983689423;2.63099961644897;0.000824850310920421;0.00080362222358682;9.11;0;2.399493932724;4.80507946014404;0;0;1;8.40999984741211;0.362005323171616;1;18.3899993896484;0;0;0;0;1;2.37024739051001
NZL;New Zealand ;14;1;1996;54.0132297483875;15.1459373245418;5.87053134121749e-05;-0.445775393242101;3.13387099280445;0.00112663328415736;0.00120869299229479;9.11;1;1.50917565822601;3.79590678215027;0;0;0;4.94000005722046;0.362005323171616;1;18.3299999237061;0;2;0;0;1;2.41904716051217
NZL;New Zealand ;14;1;1997;54.3285839308471;15.3019416593352;1.83813406085515e-05;0.504460814273827;0.981228732132223;0.00125440528593374;0.000989642263409866;9.11;0;3.4365291595459;4.56405973434448;0;0;0;4.94000005722046;0.499464750289917;1;19.3199996948242;0;2;0;0;1;0.859345458436159
NZL;New Zealand ;14;1;1998;54.22360183211;15.6654067661838;6.09406125332665e-05;-0.0266802470249985;-1.27033049463975;0.000877115414574535;0.00050345512619476;9.11;0;3.70116186141968;7.61606407165527;0;0;0;4.94000005722046;0.499464750289917;1;19.8199996948242;0;2;0;0;1;-0.018895911869466
NZL;New Zealand ;14;1;1999;57.1614777193165;16.216773574862;2.39095941757818e-05;-1.24105134726258;-0.333929957747415;0.00100660690562821;0.000642855902207506;9.11;1;4.57453441619873;11.6597585678101;0;0;1;8.51000022888184;0.499464750289917;1;19.1200008392334;0;2;0;0;1;-0.219501443851706
NZL;New Zealand ;14;1;2000;58.0224833929484;16.549191407008;4.94398116186442e-05;-1.33626008998714;2.76464755143648;0.00181448538276051;0.00105169358481219;9.11;0;3.1023736000061;-4.53526639938354;0;1;0;8.51000022888184;0.477241426706314;1;18.8999996185303;0;2;0;0;1;1.68331967870808
NZL;New Zealand ;14;1;2001;59.0198464619617;17.2289905143177;0.00038262068562344;-1.08487984815201;0.386103426145752;0.00188011188585541;0.000775390974497751;9.11;0;3.44719648361206;-5.07947206497192;0;1;0;8.51000022888184;0.477241426706314;1;18.2000007629395;0;2;0;0;1;1.37146838971241
NZL;New Zealand ;14;1;2002;61.3733677588116;17.7749067788644;3.21077551532638e-05;-1.39097861535799;0.0419624993125609;0.00200213136735781;0.00070778758430628;9.11;1;3.81026339530945;-5.19641780853271;0;1;0;8.28999996185303;0.477241426706314;1;18.3500003814697;0;2;0;0;1;3.34318530435108
NZL;New Zealand ;14;1;2003;65.1558770745065;17.8364695899716;3.05392301795701e-05;-1.60770370751224;1.53512549928013;0.00245054300173029;0.00071349896912546;9.11;0;3.54483699798584;-2.88977384567261;0;1;0;8.28999996185303;0.494048982858658;1;17.8400001525879;0;2;0;0;1;3.50111880510202
NZL;New Zealand ;14;1;2004;62.1600948518031;17.7233548337375;0.000561614956263711;-1.12476639985243;2.1861156944216;0.00299820492687371;0.00115078603697904;9.11;0;2.93157696723938;-0.202528044581413;0;1;0;8.28999996185303;0.494048982858658;1;17.5300006866455;0;2;0;0;1;4.1188315594027
NZL;New Zealand ;14;1;2005;61.3793591974251;17.7438933244397;0.000369329843195879;-1.19401768056427;1.80390087227372;0.00353619777402044;0.00193601335388684;9.11;1;2.53252530097961;2.19881296157837;0;1;0;6.5;0.494048982858658;1;17.9500007629395;0;2;0;0;1;4.80070660828025
NZL;New Zealand ;14;1;2006;61.184129626861;17.595075361072;0.000451509507692405;-0.862018389228027;1.37235012762038;0.00460017102110882;0.00220177625476897;9.11;0;3.86956548690796;0.725283622741699;0;1;0;6.5;0.446395128965378;1;18.75;0;2;0;0;1;5.36009137662675
NZL;New Zealand ;14;1;2007;64.5405086722242;17.6343087480996;0.000722736164987376;-0.705243547499791;1.48396941163492;0.00542379416848616;0.00218668836768872;9.11;0;3.93849730491638;-1.87236666679382;0;1;0;6.5;0.446395128965378;1;18.3700008392334;0;2;0;0;1;4.46568448173278
NZL;New Zealand ;14;2;2008;64.4951418132811;18.025030322619;0.00168807600267311;-0.911530288285164;-1.22428900072828;0.00598606721283831;0.00287786674871547;9.11;1;5.10063552856445;-5.24681186676025;0;1;0;4.17000007629395;0.426834940910339;1;19.8899993896484;0;2;0;0;1;0.579124081425795
NZL;New Zealand ;14;2;2009;63.0592988003209;19.3337393097808;0.000474595121589015;-0.569564924624345;-5.69323635882266;0.00561542266046257;0.00128414265482882;9.11;0;13.306697845459;1.0280214548111;0;0;1;4.17000007629395;0.426834940910339;1;21.0100002288818;0;2;0;0;1;-2.72235708406698
NZL;New Zealand ;14;1;2010;61.9706437533331;19.2025962424431;0.000821654589129346;-1.88074194993916;4.09791791930137;0.00412648266741911;0.00160996906542914;9.11;0;11.2765836715698;-1.52319514751434;0;0;1;4.17000007629395;0.426834940910339;1;20.9599990844727;0;2;0;0;1;-6.84951227382163
NOR;Norway ;15;2;1990;93.2247665629169;21.693048138239;0;1.55975130923443;4.18322298634072;0.470648197672871;0.112321117702459;3.79;0;5.04410886764526;-4.47071886062622;0;0;0;11.1099996566772;0.512737274169922;2;23.0900001525879;0;2;0;0;1.5;2.24558601679588
NOR;Norway ;15;3;1991;93.5160787266079;21.8899723757974;0;3.11704954082228;2.43913440834392;0.429857731095369;0.0535833449378682;3.79;0;0.382249444723129;-7.93819665908813;0;1;1;11.1099996566772;0.512737274169922;2;24.0699996948242;0;2;0;0;1.5;0.169095183624066
NOR;Norway ;15;3;1992;92.9792769587222;22.4014271542621;0;2.4957407667155;1.70607089720053;0.273263537607082;0.0371118379922799;3.79;0;-2.17312479019165;-6.5640926361084;0;1;1;11.1099996566772;0.512737274169922;2;24.9099998474121;0;2;0;0;1.5;-1.51894682875444
NOR;Norway ;15;3;1993;92.5297113752122;22.6659394799747;0;1.59750862742143;1.25755215783573;0.32253837578578;0.0349423799860684;3.79;1;-4.8172812461853;-5.06382751464844;0;1;1;9.64999961853027;0.512737274169922;2;24.7399997711182;0;2;0;0;1.5;-0.947896850692773
NOR;Norway ;15;2;1994;92.5025354652109;22.4874466697156;0;2.06273353612039;2.96109256914634;0.238501775764336;0.046690924426586;3.79;0;-5.99090528488159;-4.37266635894775;0;1;1;9.64999961853027;0.504780113697052;2;24.4699993133545;0;2;0;0;1.5;0.59055372655402
NOR;Norway ;15;2;1995;92.2135843384627;22.4259362094026;0;2.06462349671411;3.11603598565915;0.204477518851652;0.0368327097511547;3.79;0;-5.55110168457031;-4.6968469619751;0;1;1;9.64999961853027;0.504780113697052;2;23.8700008392334;0;2;0;0;1.5;3.142329404167
NOR;Norway ;15;2;1996;91.7223698535523;21.3745375408052;0;1.04023440661661;3.49874212057929;0.291900293163568;0.044283681983286;3.79;0;-5.5523567199707;-5.02102661132812;0;1;1;9.64999961853027;0.504780113697052;2;23.2700004577637;0;2;0;0;1.5;6.16560772865144
NOR;Norway ;15;1;1997;93.4387388324492;20.9911501547233;0;2.64279189663814;4.3290534045255;0.280901743598064;0.0353211292211045;3.79;1;-5.5702428817749;-4.89041090011597;0;1;1;7.86999988555908;0.504780113697052;2;22.6499996185303;0;2;0;0;1.5;7.46000315418718
NOR;Norway ;15;1;1998;91.8114470723811;20.8275529742959;0;2.0807336761725;4.66391716015247;0.105011787002473;0.00841098458254182;3.79;0;-4.51607799530029;-4.73409938812256;0;0;0;7.86999988555908;0.516951203346252;2;24.25;0;2;0;0;1.5;3.18308977645726
NOR;Norway ;15;1;1999;91.1023985239852;20.5939078670383;0;1.28336999636159;5.03404815181835;0.0737651222220542;0.0182492510047558;3.79;0;-2.83300304412842;-6.47251224517822;0;0;0;7.86999988555908;0.516951203346252;2;24.25;0;2;0;0;1.5;5.81019507951796
NOR;Norway ;15;1;2000;90.6795639901374;20.5549914050004;0;3.42036982108445;4.1956424978691;0.41244012551772;0.0402513519190376;3.79;0;-0.734849750995636;-10.1829271316528;0;1;1;7.86999988555908;0.516951203346252;2;22.0300006866455;0;2;0;0;1.5;15.0648451121354
NOR;Norway ;15;1;2001;90.6846887244696;20.9927347208128;0;4.18485489972578;2.32695508699258;0.786069438009881;0.0260459780637112;3.79;1;1.73667299747467;-10.3526821136475;0;1;1;6.86999988555908;0.516951203346252;2;22.9300003051758;0;2;0;0;1.5;13.2076545175014
NOR;Norway ;15;2;2002;90.2584886592138;22.1230920885905;0;3.77054132736822;0.21727359494956;0.547968877579697;0.0445925320431711;3.79;0;3.49682188034058;-4.07717609405518;0;0;0;6.86999988555908;0.545432567596436;2;24.6599998474121;0;2;0;0;1.5;9.04065659380433
NOR;Norway ;15;1;2003;90.122704455783;22.9008794680291;0;2.17027931585601;0.155645898017013;0.465409763607301;0.0436579856026652;3.79;0;2.82281804084778;-4.46240377426147;0;0;0;6.86999988555908;0.545432567596436;2;25.6800003051758;0;2;0;0;1.5;7.21152332962017
NOR;Norway ;15;1;2004;89.4668721718339;22.5074912240263;0;1.20404059769723;1.98494571422152;0.427417948412274;0.0475810528915807;3.79;0;2.1488139629364;-4.64577627182007;0;0;0;6.86999988555908;0.545432567596436;2;24.2000007629395;0;2;0;0;1.5;10.8563560700384
NOR;Norway ;15;2;2005;86.8576175178391;22.2796855230602;0;1.98873995492572;2.05087610813881;0.388426298979182;0.0493884079899586;3.79;1;-0.197018355131149;-6.95077896118164;0;0;0;8.84000015258789;0.545432567596436;2;22.3099994659424;0;2;0;0;1.5;14.7636642852441
NOR;Norway ;15;2;2006;86.7574595529833;23.1891074440677;0;2.56110638417375;3.46098895411502;0.683544158387831;0.0460551518578698;3.79;0;-4.29018974304199;-12.5774965286255;0;1;0;8.84000015258789;0.523647844791412;2;21.0200004577637;0;2;0;0;1.5;17.9376496853337
NOR;Norway ;15;2;2007;87.1915561260876;23.2344913351745;0;2.07220572994835;3.77284252073882;0.616503906329607;0.0657818696430838;3.79;0;-3.99678945541382;-11.2863988876343;0;1;0;8.84000015258789;0.523647844791412;2;21.1800003051758;0;2;0;0;1.5;17.0953372368758
NOR;Norway ;15;2;2008;85.7613061588813;23.4937376197083;0;2.30632549844012;2.17032485133603;0.96356450149899;0.0695310170062829;3.79;0;-3.70338916778564;-9.99530029296875;0;1;0;8.84000015258789;0.523647844791412;2;20.7600002288818;0;2;0;0;1.5;18.6327596543426
NOR;Norway ;15;6;2009;85.289073013695;25.9976121963632;0;0.220701610642962;-3.66688393735825;0.83946657278513;0.030504190536684;3.79;1;-3.36570930480957;-8.71093654632568;0;1;0;11.1199998855591;0.523647844791412;2;24.2999992370605;0;2;0;0;1;10.239404796661
NOR;Norway ;15;6;2010;85.8438836253878;26.2433372393368;0;0.940413731811219;1.34273933636553;0.773033089031042;0.0352556581907758;3.79;0;-3.1228461265564;-8.24697685241699;0;1;0;11.1199998855591;0.505754590034485;2;23.5699996948242;0;2;0;0;1;10.9227201918287
PRT;Portugal;16;1;1990;0.0723618751593195;20.2841863814579;0.00132643111705534;3.81144938967506;1.93241982650521;0.568926083559874;6.93104943477435;4.85;0;4.05783081;2.0124271;0;0;1;3.76;0.3852401;1;12.61;1;2;0;1;1;-5.51727287714863
PRT;Portugal;16;1;1991;0.0850194007036712;21.0059145385255;0.0012690101910261;2.21165655408035;3.08472139526602;0.462924899513571;3.64212273863094;4.85;1;5.12101412;2.7138717;0;0;1;6.12;0.3852401;1;13.47;1;2;0;1;1;-6.66402357788333
PRT;Portugal;16;1;1992;0.0802650454266002;21.9519784329714;0.000705046320527397;-0.639698939838127;3.57439553891901;0.323821183756125;4.13652506303529;4.85;0;5.91128588;3.1290298;0;0;1;6.12;0.3667029;1;14.14;1;2;0;1;1;-4.09214840525909
PRT;Portugal;16;1;1993;0.0826943316794467;21.9735796118775;0.0001010164969412;2.29265985969764;2.84532436675762;0.36843695140496;4.64048152639114;4.85;0;6.53781128;3.3724155;0;0;1;6.12;0.3667029;1;15.57;1;2;0;1;1;-7.69550991226024
PRT;Portugal;16;1;1994;0.225243271636263;21.6250224298211;0.000148338064806913;-0.155915543668257;5.05542738771337;0.315212717221016;4.57723119640964;4.85;0;7.16433620;3.6158016;0;0;1;6.12;0.3667029;1;15.81;1;2;0;1;1;-7.30622051052522
PRT;Portugal;16;1;1995;0.223327497913974;20.9626242552988;0.000491723445262671;3.06145448012754;4.15549133419204;0.27397379113621;4.59174675838077;4.85;1;7.57531500;3.0401123;0;0;1;4.25;0.4071085;2;16.57;1;2;0;1;1;-5.17868665444054
PRT;Portugal;16;1;1996;0.354352518672754;20.365004475325;0.000243807266677778;4.26151258762393;5.02794717187143;0.428240266629352;6.67839196375598;4.85;0;7.10924339;0.8110210;0;1;1;4.25;0.4071085;2;17.13;1;2;0;1;1;-4.7376625583346
PRT;Portugal;16;1;1997;0.293228591597734;19.9780083060262;0.000205014215153622;2.78572397887618;5.28459298480296;0.493093843317652;5.44936879578188;4.85;0;7.02223492;1.0300052;0;1;1;4.25;0.4071085;2;16.97;1;2;0;1;1;-3.7055940841364
PRT;Portugal;16;1;1998;0.264534359406;21.3662053443239;0.00021044071407073;-0.692877179552724;2.62442622196583;0.213409475932453;1.38332886876263;4.85;0;6.93522692;2.2551134;0;1;1;4.25;0.4071085;2;17.33;1;2;0;1;1;-4.38755424947536
PRT;Portugal;16;1;1999;0.305020157498344;21.0249121229623;1.76663624841054e-05;6.665970402608;2.01286328876013;0.168855674365906;4.73758464762382;4.85;1;7.16029739;2.0125549;0;1;1;3.82;0.4071085;2;17.69;1;2;0;1;1;-3.03150485682649
PRT;Portugal;16;1;2000;0.204896464132593;18.8866987818479;0.00067575889778168;15.3897266412721;3.20497922225218;0.905071182243435;10.9609281184845;4.85;0;7.85551929;1.1886249;0;1;1;3.82;0.4283741;2;19.04;1;2;0;1;1;-3.21620359765601
PRT;Portugal;16;1;2001;0.282707064379734;20.0626987302996;0.00649826255136494;1.6736496902552;2.07479039388386;1.73706887480215;7.94383787108909;4.85;0;7.52210426;1.4753770;0;1;1;3.82;0.4283741;2;19.52;1;2;0;1;1;-4.7898652689465
PRT;Portugal;16;1;2002;0.271038083538084;21.6695301679793;0.00278881154624309;-1.63232422905905;1.44625413960414;1.4854081066548;7.25642445901485;4.85;1;8.79635239;2.5919895;0;0;0;10.95;0.4104040;2;20.87;1;2;0;1;1;-3.33437941452513
PRT;Portugal;16;1;2003;0.431240566612605;21.9919104596251;0.00365702964679976;2.86503738510027;0.910105664307537;1.55289546127868;7.15262852537204;4.85;0;7.38535595;2.9006124;0;0;0;10.95;0.4104040;2;22.10;1;2;0;1;1;-5.65603556670215
PRT;Portugal;16;1;2004;0.461369395224645;20.8033000190688;0.0244293799263289;5.8371241074106;3.96941456013641;1.29306091281379;8.17378726229252;4.85;0;5.20797682;2.8962221;0;0;0;10.95;0.4104040;2;22.34;1;2;0;1;1;-6.18355315525575
PRT;Portugal;16;1;2005;0.386170716601698;19.4420868076023;0.00739139012323963;8.75245695757427;2.62541993829724;1.20019421725167;9.30570111352221;4.85;1;3.87294292;2.5986514;0;0;1;11.92;0.4104040;2;23.21;1;2;0;1;1;-6.13031487624455
PRT;Portugal;16;1;2006;0.525482173202884;18.6393011469027;0.0111871891114407;8.76330834205979;2.39982842629603;2.05847935424888;9.23136932509346;4.85;0;3.95088005;1.8100976;0;1;1;11.92;0.4079693;2;22.99;1;2;0;1;1;-4.18050065767588
PRT;Portugal;16;1;2007;0.687668978488304;18.7287063548088;0.0261517614348063;2.95674799301742;2.99428771442589;1.97188935211361;7.90489386192374;4.85;0;4.03011179;1.0212083;0;1;1;11.92;0.4079693;2;22.75;1;2;0;1;1;-2.89922577919492
PRT;Portugal;16;1;2008;0.429187588971437;18.5066491759011;0.062364909183007;10.4059204327337;0.476345013071636;2.89526235338652;9.29051806655928;4.85;0;4.10934353;0.2323190;0;1;1;11.92;0.4079693;2;23.16;1;2;0;1;1;-3.69957962852625
PRT;Portugal;16;1;2009;3.33030485803068;21.5984395183656;0.0174341558788611;-5.21392021071466;-1.72702030948713;3.12974539027836;5.56465375148056;4.85;1;4.00406218;-0.1028124;0;1;1;10.30;0.4079693;2;25.57;1;2;0;1;1;-9.87255259323275
PRT;Portugal;16;1;2010;4.05800159041854;21.3402076574805;0.021594579716324;5.96821152270515;0.701833823862358;2.25727976564231;6.51039218982188;4.85;0;1.70088565;2.6451359;0;1;1;10.30;0.2109086;2;25.49;1;2;0;1;1;-11.3983971975312
ESP;Spain;17;1;1990;19.7861459786146;18.4468059952448;0.0383651811810948;2.42376458070979;0.152972926692058;0.251360468130589;0.595637304470197;6.53;0;4.38449001;1.0328118;0;1;1;3.99;0.5092472;2;19.73;1;2;2;0;3;-4.84869887308103
ESP;Spain;17;2;1991;22.6093224411341;18.6949596535338;0.0398155530683213;0.890019726687569;-1.09048925929439;0.199256191319138;0.367819592296611;6.53;0;4.06736660;0.6133761;0;1;1;3.99;0.5092472;2;20.49;1;2;2;0;3;-5.52649707239682
ESP;Spain;17;2;1992;27.2086094728522;18.8549179804685;0.0341315125672407;2.00081348371231;1.09443194434893;0.157159972176994;0.385635023227216;6.53;0;3.75024390;0.1939405;0;1;1;3.99;0.5092472;2;21.66;1;2;2;0;3;-4.46197736274421
ESP;Spain;17;2;1993;22.7804522246535;17.7321903635826;0.0177346575116428;1.47962171051554;6.3915948267381;0.162116581178014;0.35881536433594;6.53;1;4.05667830;0.2763592;0;1;1;4.07;0.4835509;2;22.94;1;2;2;0;3;-7.62274419621247
ESP;Spain;17;2;1994;17.7555880749476;16.7935982339956;0.00753938797512393;1.9075959758965;5.11861607675419;0.157546340900391;0.26554476237781;6.53;0;5.67172194;1.5445538;0;1;1;4.07;0.4907948;3;21.92;1;2;2;0;3;-7.15247960165138
ESP;Spain;17;1;1995;15.9613998114359;16.8014048796708;0.0229762284540224;1.43071993050452;4.72246536813871;0.14040026436503;0.202537958502743;6.53;0;6.97625494;2.7136104;0;1;1;4.07;0.4907948;3;21.27;1;2;2;0;3;-6.78849644367634
ESP;Spain;17;1;1996;20.7523373454336;16.6328720784166;0.0165867593844818;1.38955149466288;3.61549017567337;0.181800024967326;0.267224239091632;6.53;1;9.01427269;6.3348050;0;0;1;5.30;0.4907948;3;21.21;1;2;2;0;3;-5.86280133196239
ESP;Spain;17;1;1997;29.7259424937347;16.8344225540238;0.0136101889285819;1.59110209079603;2.04983707721415;0.201669383203224;0.393299189735628;6.53;0;8.70210457;6.8797598;0;0;1;5.30;0.4845909;3;20.58;1;2;2;0;3;-3.85696788556197
ESP;Spain;17;1;1998;24.1757949590556;17.5472263306686;0.021130976145144;1.1123072247188;0.797441296469529;0.135524864971893;0.191378702572249;6.53;0;10.24327946;6.3859377;0;0;1;5.30;0.4845909;3;20.45;1;2;2;0;3;-2.62485319059772
ESP;Spain;17;1;1999;30.2985429833144;17.2764927712865;0.0123955535550282;0.514673087855996;5.45113058291042;0.193440329762606;0.270282206682048;6.53;0;10.74158287;5.8921156;0;0;1;5.30;0.4845909;3;20.25;1;2;2;0;3;-1.23916652538176
ESP;Spain;17;1;2000;28.328279868525;17.0904296597936;0.0271937905131787;2.84979585136216;2.90514065483116;0.405804749190086;0.51082500042025;6.53;1;11.16291237;5.7779036;0;0;1;4.95;0.4845909;3;19.99;1;2;2;0;3;-1.16076073047659
ESP;Spain;17;1;2001;36.3160820782371;16.8974143824974;0.0686233205578626;3.80785649897508;3.46432738698022;0.384836293170863;0.329315831872322;6.53;0;11.74984360;5.8804994;0;0;1;4.95;0.5108737;3;19.64;1;2;2;0;3;-0.454926083427366
ESP;Spain;17;1;2002;30.2764035541116;16.7597517402594;0.0498706961670205;0.33565011410326;4.67460896200862;0.270076180655596;0.253099469190677;6.53;0;12.20928955;5.9236841;0;0;1;4.95;0.5108737;3;19.87;1;2;2;0;3;-0.316722522253291
ESP;Spain;17;1;2003;33.7837506437453;16.8073798286529;0.0282876259504472;2.24314203742348;4.54999488383494;0.201322975354679;0.175349767216345;6.53;0;12.66873455;5.9668694;0;0;1;4.95;0.5108737;3;20.45;1;2;2;0;3;-0.375062635086118
ESP;Spain;17;1;2004;27.7302877428999;17.0698568184318;0.0805040584407425;2.81794708221685;4.02830274099495;0.193369555180704;0.176012186220731;6.53;1;4.71426344;0.4986697;0;1;1;4.73;0.5108737;3;20.62;1;2;2;0;3;-0.109490282591975
ESP;Spain;17;1;2005;35.5753118599888;17.9474275333411;0.102805779616551;2.03237740925218;3.32071681762986;0.178706824371306;0.234492967956056;6.53;0;1.32953048;-1.3529215;0;1;1;4.73;0.3913953;3;20.89;1;2;2;0;3;1.23156454310474
ESP;Spain;17;1;2006;35.3470024310811;18.3612009023046;0.128546744405154;2.60851230417228;2.88106230252933;0.214822641920815;0.25749866660734;6.53;0;0.73734927;-1.1982988;0;1;1;4.73;0.3913953;3;20.90;1;2;2;0;3;2.12407964352282
ESP;Spain;17;1;2007;34.2947912143167;18.428481890793;0.0702333150061984;5.33847204908595;3.02816048935487;0.207412009598769;0.530770293019025;6.53;0;0.32097134;-1.0864816;0;1;1;4.73;0.3913953;3;21.35;1;2;2;0;3;1.88621705024178
ESP;Spain;17;1;2008;35.6115025883104;19.7871239559465;0.320562157287875;2.60453050346587;-1.11152307640903;0.249812732108736;1.10545494351826;6.53;1;0.16801886;-1.1716441;0;1;1;8.04;0.3913953;3;22.77;1;2;2;0;3;-4.57225104795587
ESP;Spain;17;1;2009;28.1614618093112;19.7795241550742;0.154914556710242;2.72641870455506;-0.13517017562981;0.290483965337654;0.588806839423872;6.53;0;-0.22175111;-1.5285646;0;1;1;8.04;0.3353155;3;26.13;1;2;2;0;3;-11.2759194368774
ESP;Spain;17;1;2010;26.6835916622127;19.7012914203657;0.207590729293686;3.07905954558339;1.523877570677;0.218250877619494;0.669913810815004;6.53;0;-0.04645831;-1.8403885;0;1;1;8.04;0.3353155;3;26.69;1;2;2;0;3;-9.52662837731388
SWE;Sweden;18;3;1990;65.2847364335615;15.193988661691;0.00136894644447407;13.1446522349531;3.95052276325154;0;0;1.95;0;1.21569192;-2.4282269;0;1;1;18.33;0.4861862;0;28.46;0;2;0;0;1;3.14768139728308
SWE;Sweden;18;3;1991;66.876345532831;16.8698359548663;0.00108787674088239;10.0861852678023;4.36820646267402;0;0;1.95;1;2.74051166;-0.5868538;0;1;1;13.85;0.4861862;0;30.37;0;2;0;0;1;-0.0717327076607599
SWE;Sweden;18;4;1992;81.4299699557776;16.8983427615539;0.000425847311800223;11.4460318136797;1.08947640831229;0;0;1.95;0;5.03446341;10.2754402;0;0;0;13.85;0.5091429;0;34.12;0;2;0;0;1;-8.36889681037025
SWE;Sweden;18;3;1993;69.5450145208132;17.4846493096818;4.61318107937599e-05;7.37643004499773;-2.04327653157694;0;0;1.95;0;3.14819241;12.7267056;0;0;0;13.85;0.5091429;0;36.01;0;2;0;0;1;-10.6561806246102
SWE;Sweden;18;3;1994;62.8550456373269;17.5418972078462;4.30073105938715e-05;7.27762763113292;0.964837925343673;0;0;1.95;1;6.50733232;13.1918774;0;0;0;12.77;0.5091429;0;34.62;0;2;0;0;1;-8.6757351595016
SWE;Sweden;18;2;1995;71.6992517499396;17.4618341842831;0;3.42861722997527;4.28278045950353;0;0;1.95;0;14.58443546;8.2459278;0;1;1;12.77;0.4761955;1;32.15;1;2;0;0;1;-6.97339858383817
SWE;Sweden;18;2;1996;54.1389429642328;17.6785052834986;0;2.39098551097668;3.50424706916527;0;0;1.95;0;13.33712769;8.3948994;0;1;1;12.77;0.4761955;1;31.64;1;2;0;0;1;-3.09028955942652
SWE;Sweden;18;2;1997;58.3206375249033;17.5986270430767;0;3.88520763490376;4.40086775381248;0;0;1.95;0;12.08981991;8.5438709;0;1;1;12.77;0.4761955;1;30.49;1;2;0;0;1;-1.54799607524177
SWE;Sweden;18;2;1998;63.6389338679415;17.8329520142725;0;3.82503336507864;4.80796297573329;0;0;1.95;1;10.73860455;8.9853592;0;1;1;11.36;0.4761955;2;30.48;1;2;0;0;1;0.845416851790208
SWE;Sweden;18;2;1999;79.7268956517687;18.0287125008795;0;3.37052757718268;3.90657744002579;0;0;1.95;0;9.07512093;9.2024345;0;1;1;11.36;0.5128977;2;29.85;1;2;0;0;1;0.633876234747754
SWE;Sweden;18;2;2000;69.7385409941898;18.8660006278889;0;3.42026872745282;3.81617806346979;0;0;1.95;0;7.66068554;8.0562925;0;1;1;11.36;0.5128977;2;28.73;1;2;0;0;1;3.13668016651661
SWE;Sweden;18;3;2001;65.3526251949402;19.2496713441573;0;3.71598281865167;1.94367229584959;0;0;1.95;0;6.17913294;6.9101515;0;1;1;11.36;0.5128977;2;28.90;1;2;0;0;1;1.40551060419314
SWE;Sweden;18;3;2002;78.1073384446878;19.5520943488025;0;4.18978168737742;0.770924024291219;0;0;1.95;1;3.24948287;5.4834952;0;1;1;10.58;0.5128977;2;29.51;1;2;0;0;1;-1.4079843592331
SWE;Sweden;18;3;2003;61.3486382493927;20.1063960286184;0;3.42715372962287;-0.930521192623061;0;0;1.95;0;3.87504864;0.7200989;0;1;1;10.58;0.5103725;2;30.31;1;2;0;0;1;-1.21411316092907
SWE;Sweden;18;3;2004;71.9320944966203;20.4236198546812;0;2.3996146661088;1.78873568157121;0;0;1.95;0;4.25211763;-1.4385072;0;1;1;10.58;0.5103725;2;29.73;1;2;0;0;1;0.202363097011839
SWE;Sweden;18;2;2005;81.4562223954274;20.9851476263691;0;3.33290322756528;0.78184821592744;0;0;1.95;0;5.27635622;-2.7028794;0;1;1;10.58;0.5074741;2;29.16;1;2;0;0;1;1.81415451329078
SWE;Sweden;18;2;2006;67.0042819499341;20.320763680752;0;3.18454265930981;1.62503417629674;0;0;1.95;1;6.23918629;-0.7150026;0;1;1;8.59;0.5074741;2;28.55;1;2;0;0;1;2.13521877582926
SWE;Sweden;18;2;2007;64.8072330262709;19.6068703956792;0;2.96634549274198;2.50657964551773;0;0;1.95;0;6.82193470;8.2258797;0;0;0;8.59;0.5074741;2;27.42;1;2;0;0;1;3.32886795615843
SWE;Sweden;18;3;2008;67.1643760307861;19.7690520506211;0;1.73772428812507;0.319247925063081;0;0;1.95;0;7.50443554;7.6791201;0;0;0;8.59;0.5074741;2;27.59;1;2;0;0;1;1.92218195275599
SWE;Sweden;18;4;2009;62.4328038478639;21.3058745458386;0;1.09813586372714;-3.12207942033321;0;0;1.95;0;8.18693733;7.1323605;0;0;0;8.59;0.5074741;2;29.83;1;2;0;0;1;-0.836128457722734
SWE;Sweden;18;4;2010;46.5776387103984;20.5931543785576;0;0.642290869101615;1.73762547590566;0;0;1.95;1;8.62501335;6.6209922;0;0;0;10.95;0.5074741;2;28.22;1;2;0;0;1;-0.0902397534848369
GBR;United Kingdom;20;2;1990;2.21188623410785;25.1621820401025;1.11728987845116e-05;9.47382068413938;0.754674768666845;0;0.000117973668176997;16.00;0;3.38527107;13.2798529;0;0;1;4.53;0.3603388;1;16.66;1;0;0;0;2.5;-1.87154878611319
GBR;United Kingdom;20;2;1991;3.3653126488399;25.9866231253841;2.45682736791966e-05;8.24678891530533;-1.14597486858065;0;3.50046710785692e-05;16.00;0;2.87999201;13.1955128;0;0;1;4.53;0.3603388;1;18.23;1;0;0;0;2.5;-2.91771183934829
GBR;United Kingdom;20;2;1992;4.00038372985418;27.0522731711055;1.71764754793348e-05;1.01534124278373;-1.15859276007859;0;1.80223442701234e-05;16.00;1;2.89466786;12.8869686;0;0;1;5.48;0.3603388;1;19.85;1;0;0;0;2.5;-5.54243849814623
GBR;United Kingdom;20;1;1993;4.63279792353715;27.3765144033096;0;2.21227109193029;-2.06561636960983;0;1.15543586556568e-05;16.00;0;4.98916435;11.6816120;0;0;1;5.48;0.3731787;1;20.52;1;0;0;0;2.5;-6.79557280526409
GBR;United Kingdom;20;1;1994;5.60406447091801;26.3906139745805;0;2.58804231614012;3.92997283681697;0;9.97291108502657e-05;16.00;0;7.25697899;10.4015198;0;0;1;5.48;0.3731787;1;20.03;1;0;0;0;2.5;-5.92510793572238
GBR;United Kingdom;20;1;1995;5.0953180527739;25.48163834919;0;3.81139139844461;3.93519292606446;0;7.63364291506009e-05;16.00;0;9.52479458;9.1214275;0;0;1;5.48;0.3731787;1;19.78;1;0;0;0;2.5;-5.02468273427501
GBR;United Kingdom;20;1;1996;8.60929977884759;25.8357808134596;0;1.00905860647234;1.57945640649923;0;0;16.00;0;11.79260921;7.8413363;0;0;1;5.48;0.3731787;1;19.64;1;0;0;0;2.5;-3.56961383507958
GBR;United Kingdom;20;1;1997;4.74846856024557;25.3117201501122;0;1.52551795787954;3.07052659296374;0;0;16.00;1;11.12988186;5.4836030;0;1;1;3.94;0.3731787;2;18.96;1;0;0;0;2.5;-2.08737278038179
GBR;United Kingdom;20;1;1998;4.27480146859709;25.3735766325035;0;0.812959691365791;4.31183635326269;0;0;16.00;0;7.92447996;4.6606150;0;1;1;3.94;0.3524106;2;19.21;1;0;0;0;2.5;-0.332960038785237
GBR;United Kingdom;20;1;1999;4.31418644002118;25.3955188223064;0;0.897864615617408;4.24718414367548;0;0;16.00;0;5.05358744;4.3134584;0;1;1;3.94;0.3524106;2;19.00;1;0;0;0;2.5;0.613069474169122
GBR;United Kingdom;20;1;2000;3.07165825478032;24.5318918954833;0;1.50577048243903;4.7663488714872;0;0;16.00;0;2.18269539;3.9663017;0;1;1;3.94;0.3524106;2;19.06;1;0;0;0;2.5;1.34264906690942
GBR;United Kingdom;20;1;2001;3.63253813546211;24.7371622590446;0;2.48352296605476;1.44949861796981;0;0;16.00;1;-0.27192998;3.6994617;0;1;1;3.53;0.3524106;2;19.85;1;0;0;0;2.5;0.197806874292374
GBR;United Kingdom;20;1;2002;4.83844580777096;25.4515967142048;0;1.54763939768029;2.1969210621746;0;0;16.00;0;-1.06148648;3.7538888;0;1;1;3.53;0.3587390;2;19.98;1;0;0;0;2.5;-1.91895397602022
GBR;United Kingdom;20;1;2003;6.4529949253577;25.7127015543631;0;1.70023943467432;2.30981059032811;0;0;16.00;0;-1.71228719;3.8350883;0;1;1;3.53;0.3587390;2;20.41;1;0;0;0;2.5;-3.16348801955602
GBR;United Kingdom;20;1;2004;2.98273258918858;25.0213236265783;0;0.333021897741204;4.33685615384474;0;0;16.00;0;-2.36308789;3.9162879;0;1;1;3.53;0.3587390;2;20.95;1;0;0;0;2.5;-3.08022029112599
GBR;United Kingdom;20;1;2005;2.12736400088403;24.8966508988992;0;0.686383050698964;2.85880323990261;0;0;16.00;1;-2.69538569;4.0429420;0;1;1;5.11;0.3587236;2;20.98;1;0;0;0;2.5;-2.95994158564676
GBR;United Kingdom;20;1;2006;2.64366372150803;24.6292687114709;0;1.75741369074541;4.66277355175126;0;0;16.00;0;-1.75367224;4.3514156;0;1;1;5.11;0.3969415;2;20.77;1;0;0;0;2.5;-2.86370759018962
GBR;United Kingdom;20;1;2007;2.1844741740188;24.1465624263992;0;2.82589323136247;3.43922177600065;0;0;16.00;0;-0.70579100;4.6750412;0;1;1;5.11;0.3969415;2;20.97;1;0;0;0;2.5;-2.67406133451854
GBR;United Kingdom;20;1;2008;2.06479245333369;24.6375342039409;0;3.23523527997193;-0.450559256743361;0;0;16.00;0;0.34209016;4.9986668;0;1;1;5.11;0.3969351;2;22.52;1;0;0;0;2.5;-5.16258931966934
GBR;United Kingdom;20;2;2009;2.31911217826711;25.9990296803482;0;2.35890510051033;-4.33979057452935;0;0;16.00;0;1.38997138;5.3222923;0;1;1;5.11;0.3969223;2;24.87;1;0;0;0;2.5;-10.3394086518701
GBR;United Kingdom;20;3;2010;4.430823117338;25.0323694915548;0;0.947565418694609;5.95210700755608;0;0;16.00;1;1.81698537;5.6461215;0;0;0;5.90;0.3969031;2;23.80;1;0;0;0;2.5;-9.25514593457987
USA;United States;21;3;1990;69.0632266073605;15.9007731491978;0.195297395036435;3.74332973950307;1.88596495668033;0.191199086967241;0.755804396449831;13.35;0;-1.64639759;1.0561714;0;0;1;5.85;0.4079305;5;13.67;0;0;2;4;4;-5.47236445469332
USA;United States;21;3;1991;68.8630644968033;16.3175698333049;0.175597588533094;3.38176155752325;-0.108264790855543;0.161451131953975;0.506085201492786;13.35;0;-0.31896472;1.1771674;0;0;1;5.85;0.4101034;5;14.65;0;0;2;4;4;-6.29003930049047
USA;United States;21;3;1992;69.5494736893601;16.0786874646011;0.137249321355661;2.27891032200954;3.52244052740502;0.230363886125663;0.47950280562962;13.35;1;1.04950070;1.3861210;0;0;1;3.60;0.4101034;5;15.31;0;0;2;4;4;-7.2802710937553
USA;United States;21;2;1993;70.1448023305185;15.6452689260237;0.0657460855704706;2.37033959228728;2.75178105096643;0.311011595800788;0.38289969050712;13.35;0;0.33604532;0.7954966;0;0;1;3.60;0.3923167;5;15.52;0;0;2;4;4;-6.44182009966088
USA;United States;21;2;1994;70.2637151887549;15.2060534337024;0.0632359339890562;2.13542371031643;4.02879325991903;0.24199907421738;0.302198850339874;13.35;0;-1.55252147;0.7947075;0;0;1;3.60;0.3923167;5;15.48;0;0;2;4;4;-5.0488103412041
USA;United States;21;3;1995;68.8114852457892;14.9447710913016;0.185713588423382;2.09690072853132;2.68421727207786;0.149125866257779;0.308827462393673;13.35;0;-0.78003424;3.4839861;0;0;1;3.60;0.3976399;5;15.48;0;0;2;4;4;-4.6838153752232
USA;United States;21;2;1996;68.4839468411314;14.5283200229106;0.196270514006632;1.83096786909518;3.77256549921414;0.289078666819355;0.369685049270465;13.35;1;-1.70149946;3.8343294;0;0;1;4.76;0.3976399;5;15.24;0;0;2;4;4;-3.53346584919272
USA;United States;21;2;1997;70.5287537239054;14.2293238255567;0.18268090400199;1.72443131394728;4.44717494524525;0.252763781031388;0.220512610533995;13.35;0;-2.35508966;3.7390676;0;0;1;4.76;0.3990445;5;14.83;0;0;2;4;4;-2.09196621064109
USA;United States;21;2;1998;71.2801984174547;13.9868964790694;0.162224066220487;1.12553310417421;4.48139443155316;0.171491393708021;0.0803914045354448;13.35;0;-2.83326054;3.3881245;0;0;1;4.76;0.3990445;5;14.85;0;0;2;4;4;-0.932988080113172
USA;United States;21;2;1999;70.6433590335493;14.0317985261662;0.127146205797623;1.40923275648311;4.79449904467508;0.223370191767635;0.170749238848519;13.35;0;-3.34954977;2.9824905;0;0;1;4.76;0.3990445;5;14.58;0;0;2;4;4;-0.520663542315087
USA;United States;21;2;2000;71.5934508809864;14.0239517400802;0.139485681310995;2.26554767048013;4.07715947941618;0.467952397941929;0.310743475067516;13.35;1;-3.82966971;2.6207082;0;0;1;3.52;0.3983172;5;14.55;0;0;2;4;4;0.313685499649203
USA;United States;21;2;2001;72.1988282370336;14.5356379493206;0.212243341174199;2.25295235878073;0.954338728708379;0.463249939256827;0.160682015670439;13.35;0;-1.70294881;5.5470343;0;0;1;3.52;0.4042258;5;15.14;0;0;2;4;4;-1.90328719839266
USA;United States;21;2;2002;70.9873760648162;15.0590355024837;0.152204715233715;1.55853138907887;1.69594292274957;0.235800851052689;0.16262944808911;13.35;0;-1.59457922;4.3351536;0;0;1;3.52;0.4002662;5;15.96;0;0;2;4;4;-5.35108159442011
USA;United States;21;2;2003;71.2893520499555;15.2436331781727;0.153575124755734;1.97359931687618;2.7962091006717;0.394897866365647;0.19064269249705;13.35;0;-1.46801162;3.1533303;0;0;1;3.52;0.4074517;5;16.21;0;0;2;4;4;-6.48142777568216
USA;United States;21;2;2004;71.385701336522;15.158309850606;0.321790365313007;2.68440804151825;3.85255260064351;0.554782206877181;0.257913899913957;13.35;1;-1.36052668;1.9395651;0;0;1;4.15;0.4074517;5;16.07;0;0;2;4;4;-5.80910107788032
USA;United States;21;2;2005;72.104860119277;15.047143394;0.265907942222621;3.13582406672013;3.48322032025258;0.586958785169831;0.328343750507193;13.35;0;-0.64736748;1.9162706;0;0;1;4.15;0.4048332;5;15.88;0;0;2;4;4;-4.50165182717923
USA;United States;21;2;2006;71.3259217344704;15.0044511883738;0.276121431896788;3.08558293163451;2.78281062584327;0.418306975383494;0.299944711896616;13.35;0;0.32051277;2.4314756;0;0;1;4.15;0.4048332;5;15.96;0;0;2;4;4;-3.43636421278784
USA;United States;21;2;2007;71.9668864905994;15.1892879283282;0.249445316591731;2.70252656886151;2.01050755163328;0.350058206129627;0.31030074469758;13.35;0;-1.36889684;-0.4494289;0;0;1;4.15;0.3906986;5;16.10;0;0;2;4;4;-4.09394056069453
USA;United States;21;3;2008;71.3921777212881;15.9340733958399;0.700257754208625;1.91793297784062;0.122188442974647;0.539654167993354;0.535247054231197;13.35;1;0.13524580;1.2766359;0;0;1;3.31;0.3906986;5;16.76;0;0;2;4;4;-7.48275466225597
USA;United States;21;5;2009;69.4503642511695;16.8076950275681;0.33069937511694;0.640954732672782;-2.59988835108558;0.0552429470747698;0.279472042439021;13.35;0;-0.30060229;0.1806607;0;0;1;3.31;0.3985361;5;18.83;0;0;2;4;4;-13.2316422701946
USA;United States;21;3;2010;70.2777650829754;16.6858391442419;0.464635185945344;1.20179162538872;2.70885669419681;0;0.31803641059245;13.35;0;-0.42309117;-1.2771380;0;0;1;3.31;0.3985361;5;19.56;0;0;2;4;4;-12.5200943984871